date,wk,day,day_id,day_id_scaled,time,time_id,time_id_scaled,home,home_gls_srd,home_gls_cnd,home_gls_srd_ttl,home_gls_cnd_ttl,home_gls_srd_avg,home_gls_cnd_avg,home_gls_srd_avg_1_gme,home_gls_cnd_avg_1_gme,home_gls_srd_avg_2_gme,home_gls_cnd_avg_2_gme,home_gls_srd_avg_3_gme,home_gls_cnd_avg_3_gme,home_gls_srd_avg_1_gme_hme_awy,home_gls_cnd_avg_1_gme_hme_awy,home_gls_srd_avg_2_gme_hme_awy,home_gls_cnd_avg_2_gme_hme_awy,home_gls_srd_avg_3_gme_hme_awy,home_gls_cnd_avg_3_gme_hme_awy,away,away_gls_srd,away_gls_cnd,away_gls_srd_ttl,away_gls_cnd_ttl,away_gls_srd_avg,away_gls_cnd_avg,away_gls_srd_avg_1_gme,away_gls_cnd_avg_1_gme,away_gls_srd_avg_2_gme,away_gls_cnd_avg_2_gme,away_gls_srd_avg_3_gme,away_gls_cnd_avg_3_gme,away_gls_srd_avg_1_gme_hme_awy,away_gls_cnd_avg_1_gme_hme_awy,away_gls_srd_avg_2_gme_hme_awy,away_gls_cnd_avg_2_gme_hme_awy,away_gls_srd_avg_3_gme_hme_awy,away_gls_cnd_avg_3_gme_hme_awy,target_ttl_gls_srd,match_result
2024-08-16,1,Fri,1,0.0,20:00,13,0.9230769230769231,Manchester Utd,1,0,0,0,0.0,0.0,0.0,0.0,0.0,0.0,0.0,0.0,0.0,0.0,0.0,0.0,0.0,0.0,Fulham,0,1,0,0,0.0,0.0,0.0,0.0,0.0,0.0,0.0,0.0,0.0,0.0,0.0,0.0,0.0,0.0,1,Home Win
2024-08-17,1,Sat,3,0.33333333333333337,12:30,1,0.0,Ipswich Town,0,2,0,0,0.0,0.0,0.0,0.0,0.0,0.0,0.0,0.0,0.0,0.0,0.0,0.0,0.0,0.0,Liverpool,2,0,0,0,0.0,0.0,0.0,0.0,0.0,0.0,0.0,0.0,0.0,0.0,0.0,0.0,0.0,0.0,2,Away Win
2024-08-17,1,Sat,3,0.33333333333333337,15:00,5,0.3076923076923077,Newcastle Utd,1,0,0,0,0.0,0.0,0.0,0.0,0.0,0.0,0.0,0.0,0.0,0.0,0.0,0.0,0.0,0.0,Southampton,0,1,0,0,0.0,0.0,0.0,0.0,0.0,0.0,0.0,0.0,0.0,0.0,0.0,0.0,0.0,0.0,1,Home Win
2024-08-17,1,Sat,3,0.33333333333333337,15:00,5,0.3076923076923077,Nott'ham Forest,1,1,0,0,0.0,0.0,0.0,0.0,0.0,0.0,0.0,0.0,0.0,0.0,0.0,0.0,0.0,0.0,Bournemouth,1,1,0,0,0.0,0.0,0.0,0.0,0.0,0.0,0.0,0.0,0.0,0.0,0.0,0.0,0.0,0.0,2,Draw
2024-08-17,1,Sat,3,0.33333333333333337,15:00,5,0.3076923076923077,Everton,0,3,0,0,0.0,0.0,0.0,0.0,0.0,0.0,0.0,0.0,0.0,0.0,0.0,0.0,0.0,0.0,Brighton,3,0,0,0,0.0,0.0,0.0,0.0,0.0,0.0,0.0,0.0,0.0,0.0,0.0,0.0,0.0,0.0,3,Away Win
2024-08-17,1,Sat,3,0.33333333333333337,15:00,5,0.3076923076923077,Arsenal,2,0,0,0,0.0,0.0,0.0,0.0,0.0,0.0,0.0,0.0,0.0,0.0,0.0,0.0,0.0,0.0,Wolves,0,2,0,0,0.0,0.0,0.0,0.0,0.0,0.0,0.0,0.0,0.0,0.0,0.0,0.0,0.0,0.0,2,Home Win
2024-08-17,1,Sat,3,0.33333333333333337,17:30,9,0.6153846153846154,West Ham,1,2,0,0,0.0,0.0,0.0,0.0,0.0,0.0,0.0,0.0,0.0,0.0,0.0,0.0,0.0,0.0,Aston Villa,2,1,0,0,0.0,0.0,0.0,0.0,0.0,0.0,0.0,0.0,0.0,0.0,0.0,0.0,0.0,0.0,3,Away Win
2024-08-18,1,Sun,4,0.5,14:00,3,0.15384615384615385,Brentford,2,1,0,0,0.0,0.0,0.0,0.0,0.0,0.0,0.0,0.0,0.0,0.0,0.0,0.0,0.0,0.0,Crystal Palace,1,2,0,0,0.0,0.0,0.0,0.0,0.0,0.0,0.0,0.0,0.0,0.0,0.0,0.0,0.0,0.0,3,Home Win
2024-08-18,1,Sun,4,0.5,16:30,7,0.4615384615384616,Chelsea,0,2,0,0,0.0,0.0,0.0,0.0,0.0,0.0,0.0,0.0,0.0,0.0,0.0,0.0,0.0,0.0,Manchester City,2,0,0,0,0.0,0.0,0.0,0.0,0.0,0.0,0.0,0.0,0.0,0.0,0.0,0.0,0.0,0.0,2,Away Win
2024-08-19,1,Mon,2,0.16666666666666666,20:00,13,0.9230769230769231,Leicester City,1,1,0,0,0.0,0.0,0.0,0.0,0.0,0.0,0.0,0.0,0.0,0.0,0.0,0.0,0.0,0.0,Tottenham,1,1,0,0,0.0,0.0,0.0,0.0,0.0,0.0,0.0,0.0,0.0,0.0,0.0,0.0,0.0,0.0,2,Draw
2024-08-24,2,Sat,3,0.33333333333333337,15:00,5,0.3076923076923077,Southampton,0,1,0,0,0.0,0.0,0.0,0.0,0.0,0.0,0.0,0.0,0.0,1.0,0.0,1.0,0.0,1.0,Nott'ham Forest,1,0,0,0,0.0,0.0,0.0,0.0,0.0,0.0,0.0,0.0,1.0,1.0,1.0,1.0,1.0,1.0,1,Away Win
2024-08-24,2,Sat,3,0.33333333333333337,15:00,5,0.3076923076923077,Manchester City,4,1,0,0,0.0,0.0,0.0,0.0,0.0,0.0,0.0,0.0,2.0,0.0,2.0,0.0,2.0,0.0,Ipswich Town,1,4,0,0,0.0,0.0,0.0,0.0,0.0,0.0,0.0,0.0,0.0,2.0,0.0,2.0,0.0,2.0,5,Home Win
2024-08-24,2,Sat,3,0.33333333333333337,15:00,5,0.3076923076923077,Crystal Palace,0,2,0,0,0.0,0.0,0.0,0.0,0.0,0.0,0.0,0.0,1.0,2.0,1.0,2.0,1.0,2.0,West Ham,2,0,0,0,0.0,0.0,0.0,0.0,0.0,0.0,0.0,0.0,1.0,2.0,1.0,2.0,1.0,2.0,2,Away Win
2024-08-24,2,Sat,3,0.33333333333333337,17:30,9,0.6153846153846154,Aston Villa,0,2,0,0,0.0,0.0,0.0,0.0,0.0,0.0,0.0,0.0,2.0,1.0,2.0,1.0,2.0,1.0,Arsenal,2,0,0,0,0.0,0.0,0.0,0.0,0.0,0.0,0.0,0.0,2.0,0.0,2.0,0.0,2.0,0.0,2,Away Win
2024-08-24,2,Sat,3,0.33333333333333337,15:00,5,0.3076923076923077,Tottenham,4,0,0,0,0.0,0.0,0.0,0.0,0.0,0.0,0.0,0.0,1.0,1.0,1.0,1.0,1.0,1.0,Everton,0,4,0,0,0.0,0.0,0.0,0.0,0.0,0.0,0.0,0.0,0.0,3.0,0.0,3.0,0.0,3.0,4,Home Win
2024-08-24,2,Sat,3,0.33333333333333337,12:30,1,0.0,Brighton,2,1,0,0,0.0,0.0,0.0,0.0,0.0,0.0,0.0,0.0,3.0,0.0,3.0,0.0,3.0,0.0,Manchester Utd,1,2,0,0,0.0,0.0,0.0,0.0,0.0,0.0,0.0,0.0,1.0,0.0,1.0,0.0,1.0,0.0,3,Home Win
2024-08-24,2,Sat,3,0.33333333333333337,15:00,5,0.3076923076923077,Fulham,2,1,0,0,0.0,0.0,0.0,0.0,0.0,0.0,0.0,0.0,0.0,1.0,0.0,1.0,0.0,1.0,Leicester City,1,2,0,0,0.0,0.0,0.0,0.0,0.0,0.0,0.0,0.0,1.0,1.0,1.0,1.0,1.0,1.0,3,Home Win
2024-08-25,2,Sun,4,0.5,14:00,3,0.15384615384615385,Bournemouth,1,1,0,0,0.0,0.0,0.0,0.0,0.0,0.0,0.0,0.0,1.0,1.0,1.0,1.0,1.0,1.0,Newcastle Utd,1,1,0,0,0.0,0.0,0.0,0.0,0.0,0.0,0.0,0.0,1.0,0.0,1.0,0.0,1.0,0.0,2,Draw
2024-08-25,2,Sun,4,0.5,14:00,3,0.15384615384615385,Wolves,2,6,0,0,0.0,0.0,0.0,0.0,0.0,0.0,0.0,0.0,0.0,2.0,0.0,2.0,0.0,2.0,Chelsea,6,2,0,0,0.0,0.0,0.0,0.0,0.0,0.0,0.0,0.0,0.0,2.0,0.0,2.0,0.0,2.0,8,Away Win
2024-08-25,2,Sun,4,0.5,16:30,7,0.4615384615384616,Liverpool,2,0,0,0,0.0,0.0,0.0,0.0,0.0,0.0,0.0,0.0,2.0,0.0,2.0,0.0,2.0,0.0,Brentford,0,2,0,0,0.0,0.0,0.0,0.0,0.0,0.0,0.0,0.0,2.0,1.0,2.0,1.0,2.0,1.0,2,Home Win
2024-08-31,3,Sat,3,0.33333333333333337,17:30,9,0.6153846153846154,West Ham,1,3,1,2,1.0,2.0,1.0,2.0,1.0,2.0,1.0,2.0,2.0,0.0,1.5,1.0,1.5,1.0,Manchester City,3,1,2,0,2.0,0.0,2.0,0.0,2.0,0.0,2.0,0.0,2.0,0.0,3.0,0.5,3.0,0.5,4,Away Win
2024-08-31,3,Sat,3,0.33333333333333337,15:00,5,0.3076923076923077,Brentford,3,1,2,1,2.0,1.0,2.0,1.0,2.0,1.0,2.0,1.0,0.0,2.0,1.0,1.5,1.0,1.5,Southampton,1,3,0,1,0.0,1.0,0.0,1.0,0.0,1.0,0.0,1.0,0.0,1.0,0.0,1.0,0.0,1.0,4,Home Win
2024-08-31,3,Sat,3,0.33333333333333337,15:00,5,0.3076923076923077,Ipswich Town,1,1,0,2,0.0,2.0,0.0,2.0,0.0,2.0,0.0,2.0,1.0,4.0,0.5,3.0,0.5,3.0,Fulham,1,1,0,1,0.0,1.0,0.0,1.0,0.0,1.0,0.0,1.0,0.0,1.0,1.0,1.0,1.0,1.0,2,Draw
2024-08-31,3,Sat,3,0.33333333333333337,15:00,5,0.3076923076923077,Nott'ham Forest,1,1,1,1,1.0,1.0,1.0,1.0,1.0,1.0,1.0,1.0,1.0,0.0,1.0,0.5,1.0,0.5,Wolves,1,1,0,2,0.0,2.0,0.0,2.0,0.0,2.0,0.0,2.0,0.0,2.0,1.0,4.0,1.0,4.0,2,Draw
2024-08-31,3,Sat,3,0.33333333333333337,15:00,5,0.3076923076923077,Everton,2,3,0,3,0.0,3.0,0.0,3.0,0.0,3.0,0.0,3.0,0.0,4.0,0.0,3.5,0.0,3.5,Bournemouth,3,2,1,1,1.0,1.0,1.0,1.0,1.0,1.0,1.0,1.0,1.0,1.0,1.0,1.0,1.0,1.0,5,Away Win
2024-08-31,3,Sat,3,0.33333333333333337,12:30,1,0.0,Arsenal,1,1,2,0,2.0,0.0,2.0,0.0,2.0,0.0,2.0,0.0,2.0,0.0,2.0,0.0,2.0,0.0,Brighton,1,1,3,0,3.0,0.0,3.0,0.0,3.0,0.0,3.0,0.0,3.0,0.0,2.5,0.5,2.5,0.5,2,Draw
2024-08-31,3,Sat,3,0.33333333333333337,15:00,5,0.3076923076923077,Leicester City,1,2,1,1,1.0,1.0,1.0,1.0,1.0,1.0,1.0,1.0,1.0,2.0,1.0,1.5,1.0,1.5,Aston Villa,2,1,2,1,2.0,1.0,2.0,1.0,2.0,1.0,2.0,1.0,2.0,1.0,1.0,1.5,1.0,1.5,3,Away Win
2024-09-01,3,Sun,4,0.5,13:30,2,0.07692307692307693,Newcastle Utd,2,1,1,0,1.0,0.0,1.0,0.0,1.0,0.0,1.0,0.0,1.0,1.0,1.0,0.5,1.0,0.5,Tottenham,1,2,1,1,1.0,1.0,1.0,1.0,1.0,1.0,1.0,1.0,1.0,1.0,2.5,0.5,2.5,0.5,3,Home Win
2024-09-01,3,Sun,4,0.5,13:30,2,0.07692307692307693,Chelsea,1,1,0,2,0.0,2.0,0.0,2.0,0.0,2.0,0.0,2.0,6.0,2.0,3.0,2.0,3.0,2.0,Crystal Palace,1,1,1,2,1.0,2.0,1.0,2.0,1.0,2.0,1.0,2.0,1.0,2.0,0.5,2.0,0.5,2.0,2,Draw
2024-09-01,3,Sun,4,0.5,16:00,6,0.38461538461538464,Manchester Utd,0,3,1,0,1.0,0.0,1.0,0.0,1.0,0.0,1.0,0.0,1.0,2.0,1.0,1.0,1.0,1.0,Liverpool,3,0,2,0,2.0,0.0,2.0,0.0,2.0,0.0,2.0,0.0,2.0,0.0,2.0,0.0,2.0,0.0,3,Away Win
2024-09-14,4,Sat,3,0.33333333333333337,15:00,5,0.3076923076923077,Fulham,1,1,2,1,2.0,1.0,2.0,1.0,2.0,1.0,2.0,1.0,1.0,1.0,0.5,1.0,1.0,1.0,West Ham,1,1,2,0,2.0,0.0,2.0,0.0,2.0,0.0,2.0,0.0,2.0,0.0,1.5,1.5,1.33,1.67,2,Draw
2024-09-14,4,Sat,3,0.33333333333333337,20:00,13,0.9230769230769231,Bournemouth,0,1,1,1,1.0,1.0,1.0,1.0,1.0,1.0,1.0,1.0,3.0,2.0,2.0,1.5,1.67,1.33,Chelsea,1,0,6,2,6.0,2.0,6.0,2.0,6.0,2.0,6.0,2.0,6.0,2.0,3.5,1.5,2.33,1.67,1,Away Win
2024-09-14,4,Sat,3,0.33333333333333337,15:00,5,0.3076923076923077,Liverpool,0,1,2,0,2.0,0.0,2.0,0.0,2.0,0.0,2.0,0.0,3.0,0.0,2.5,0.0,2.33,0.0,Nott'ham Forest,1,0,1,0,1.0,0.0,1.0,0.0,1.0,0.0,1.0,0.0,1.0,0.0,1.0,0.5,1.0,0.67,1,Away Win
2024-09-14,4,Sat,3,0.33333333333333337,17:30,9,0.6153846153846154,Aston Villa,3,2,0,2,0.0,2.0,0.0,2.0,0.0,2.0,0.0,2.0,2.0,1.0,2.0,1.0,1.33,1.33,Everton,2,3,0,4,0.0,4.0,0.0,4.0,0.0,4.0,0.0,4.0,0.0,4.0,1.0,3.5,0.67,3.33,5,Home Win
2024-09-14,4,Sat,3,0.33333333333333337,15:00,5,0.3076923076923077,Crystal Palace,2,2,0,2,0.0,2.0,0.0,2.0,0.0,2.0,0.0,2.0,1.0,1.0,1.0,1.5,0.67,1.67,Leicester City,2,2,1,2,1.0,2.0,1.0,2.0,1.0,2.0,1.0,2.0,1.0,2.0,1.0,2.0,1.0,1.67,4,Draw
2024-09-14,4,Sat,3,0.33333333333333337,12:30,1,0.0,Southampton,0,3,0,1,0.0,1.0,0.0,1.0,0.0,1.0,0.0,1.0,1.0,3.0,0.5,2.0,0.33,1.67,Manchester Utd,3,0,1,2,1.0,2.0,1.0,2.0,1.0,2.0,1.0,2.0,1.0,2.0,0.5,2.5,0.67,1.67,3,Away Win
2024-09-14,4,Sat,3,0.33333333333333337,15:00,5,0.3076923076923077,Manchester City,2,1,4,1,4.0,1.0,4.0,1.0,4.0,1.0,4.0,1.0,3.0,1.0,2.5,0.5,3.0,0.67,Brentford,1,2,0,2,0.0,2.0,0.0,2.0,0.0,2.0,0.0,2.0,0.0,2.0,1.5,1.5,1.67,1.33,3,Home Win
2024-09-14,4,Sat,3,0.33333333333333337,15:00,5,0.3076923076923077,Brighton,0,0,2,1,2.0,1.0,2.0,1.0,2.0,1.0,2.0,1.0,1.0,1.0,2.0,0.5,2.0,0.67,Ipswich Town,0,0,1,4,1.0,4.0,1.0,4.0,1.0,4.0,1.0,4.0,1.0,4.0,1.0,2.5,0.67,2.33,0,Draw
2024-09-15,4,Sun,4,0.5,14:00,3,0.15384615384615385,Tottenham,0,1,4,0,4.0,0.0,4.0,0.0,4.0,0.0,4.0,0.0,1.0,2.0,1.0,1.5,2.0,1.0,Arsenal,1,0,2,0,2.0,0.0,2.0,0.0,2.0,0.0,2.0,0.0,2.0,0.0,1.5,0.5,1.67,0.33,1,Away Win
2024-09-15,4,Sun,4,0.5,16:30,7,0.4615384615384616,Wolves,1,2,2,6,2.0,6.0,2.0,6.0,2.0,6.0,2.0,6.0,1.0,1.0,0.5,1.5,1.0,3.0,Newcastle Utd,2,1,1,1,1.0,1.0,1.0,1.0,1.0,1.0,1.0,1.0,1.0,1.0,1.5,1.0,1.33,0.67,3,Away Win
2024-09-21,5,Sat,3,0.33333333333333337,12:30,1,0.0,West Ham,0,3,2,5,1.0,2.5,1.0,3.0,1.0,2.5,1.0,2.5,1.0,1.0,1.5,0.5,1.33,1.33,Chelsea,3,0,7,2,3.5,1.0,1.0,0.0,3.5,1.0,3.5,1.0,1.0,0.0,3.5,1.0,2.67,1.0,3,Away Win
2024-09-21,5,Sat,3,0.33333333333333337,15:00,5,0.3076923076923077,Liverpool,3,0,2,1,1.0,0.5,0.0,1.0,1.0,0.5,1.0,0.5,3.0,0.0,2.5,0.0,1.67,0.33,Bournemouth,0,3,4,3,2.0,1.5,3.0,2.0,2.0,1.5,2.0,1.5,3.0,2.0,2.0,1.5,1.33,1.33,3,Home Win
2024-09-21,5,Sat,3,0.33333333333333337,15:00,5,0.3076923076923077,Leicester City,1,1,2,3,1.0,1.5,1.0,2.0,1.0,1.5,1.0,1.5,2.0,2.0,1.5,2.0,1.33,2.0,Everton,1,1,2,7,1.0,3.5,2.0,3.0,1.0,3.5,1.0,3.5,2.0,3.0,1.0,3.5,1.33,3.33,2,Draw
2024-09-21,5,Sat,3,0.33333333333333337,15:00,5,0.3076923076923077,Tottenham,3,1,4,1,2.0,0.5,0.0,1.0,2.0,0.5,2.0,0.5,1.0,2.0,1.0,1.5,0.67,1.33,Brentford,1,3,1,4,0.5,2.0,1.0,2.0,0.5,2.0,0.5,2.0,1.0,2.0,0.5,2.0,1.33,1.67,4,Home Win
2024-09-21,5,Sat,3,0.33333333333333337,15:00,5,0.3076923076923077,Fulham,3,1,3,2,1.5,1.0,1.0,1.0,1.5,1.0,1.5,1.0,1.0,1.0,0.5,1.0,0.67,1.0,Newcastle Utd,1,3,3,2,1.5,1.0,2.0,1.0,1.5,1.0,1.5,1.0,2.0,1.0,1.5,1.0,1.67,1.0,4,Home Win
2024-09-21,5,Sat,3,0.33333333333333337,15:00,5,0.3076923076923077,Aston Villa,3,1,3,4,1.5,2.0,3.0,2.0,1.5,2.0,1.5,2.0,2.0,1.0,2.0,1.0,2.33,1.33,Wolves,1,3,1,3,0.5,1.5,1.0,1.0,0.5,1.5,0.5,1.5,1.0,1.0,0.5,1.5,0.67,1.67,4,Home Win
2024-09-21,5,Sat,3,0.33333333333333337,17:30,9,0.6153846153846154,Crystal Palace,0,0,2,4,1.0,2.0,2.0,2.0,1.0,2.0,1.0,2.0,1.0,1.0,1.0,1.5,1.33,1.67,Manchester Utd,0,0,4,2,2.0,1.0,3.0,0.0,2.0,1.0,2.0,1.0,3.0,0.0,2.0,1.0,1.33,1.67,0,Draw
2024-09-21,5,Sat,3,0.33333333333333337,15:00,5,0.3076923076923077,Southampton,1,1,0,4,0.0,2.0,0.0,3.0,0.0,2.0,0.0,2.0,1.0,3.0,0.5,2.0,0.33,2.33,Ipswich Town,1,1,1,4,0.5,2.0,0.0,0.0,0.5,2.0,0.5,2.0,0.0,0.0,0.5,2.0,0.67,1.67,2,Draw
2024-09-22,5,Sun,4,0.5,14:00,3,0.15384615384615385,Brighton,2,2,2,1,1.0,0.5,0.0,0.0,1.0,0.5,1.0,0.5,1.0,1.0,2.0,0.5,1.33,0.33,Nott'ham Forest,2,2,2,0,1.0,0.0,1.0,0.0,1.0,0.0,1.0,0.0,1.0,0.0,1.0,0.0,1.0,0.33,4,Draw
2024-09-22,5,Sun,4,0.5,16:30,7,0.4615384615384616,Manchester City,2,2,6,2,3.0,1.0,2.0,1.0,3.0,1.0,3.0,1.0,3.0,1.0,2.5,0.5,2.33,0.67,Arsenal,2,2,3,0,1.5,0.0,1.0,0.0,1.5,0.0,1.5,0.0,1.0,0.0,1.5,0.0,1.33,0.33,4,Draw
2024-09-28,6,Sat,3,0.33333333333333337,15:00,5,0.3076923076923077,Everton,2,1,2,6,1.0,3.0,2.0,3.0,1.0,3.0,1.0,3.0,1.0,1.0,1.5,2.0,1.0,2.67,Crystal Palace,1,2,2,3,1.0,1.5,1.0,1.0,1.0,1.5,1.0,1.5,1.0,1.0,1.0,1.5,0.67,1.0,3,Home Win
2024-09-28,6,Sat,3,0.33333333333333337,15:00,5,0.3076923076923077,Nott'ham Forest,0,1,2,2,1.0,1.0,1.0,1.0,1.0,1.0,1.0,1.0,2.0,2.0,1.5,1.0,1.33,0.67,Fulham,1,0,1,2,0.5,1.0,1.0,1.0,0.5,1.0,0.5,1.0,1.0,1.0,0.5,1.0,1.33,1.0,1,Away Win
2024-09-28,6,Sat,3,0.33333333333333337,17:30,9,0.6153846153846154,Wolves,1,2,3,8,1.5,4.0,1.0,2.0,1.5,4.0,1.5,4.0,1.0,3.0,1.0,2.0,0.67,2.0,Liverpool,2,1,5,0,2.5,0.0,3.0,0.0,2.5,0.0,2.5,0.0,3.0,0.0,2.5,0.0,2.67,0.0,3,Away Win
2024-09-28,6,Sat,3,0.33333333333333337,15:00,5,0.3076923076923077,Brentford,1,1,5,2,2.5,1.0,3.0,1.0,2.5,1.0,2.5,1.0,1.0,3.0,1.0,2.5,0.67,2.33,West Ham,1,1,3,1,1.5,0.5,1.0,1.0,1.5,0.5,1.5,0.5,1.0,1.0,1.5,0.5,1.0,1.33,2,Draw
2024-09-28,6,Sat,3,0.33333333333333337,15:00,5,0.3076923076923077,Chelsea,4,2,1,3,0.5,1.5,1.0,1.0,0.5,1.5,0.5,1.5,3.0,0.0,2.0,0.0,3.33,0.67,Brighton,2,4,4,1,2.0,0.5,1.0,1.0,2.0,0.5,2.0,0.5,1.0,1.0,2.0,0.5,2.0,1.0,6,Home Win
2024-09-28,6,Sat,3,0.33333333333333337,12:30,1,0.0,Newcastle Utd,1,1,3,1,1.5,0.5,2.0,1.0,1.5,0.5,1.5,0.5,1.0,3.0,1.5,2.0,1.33,1.67,Manchester City,1,1,5,1,2.5,0.5,3.0,1.0,2.5,0.5,2.5,0.5,3.0,1.0,2.5,0.5,2.33,1.0,2,Draw
2024-09-28,6,Sat,3,0.33333333333333337,15:00,5,0.3076923076923077,Arsenal,4,2,3,1,1.5,0.5,1.0,1.0,1.5,0.5,1.5,0.5,2.0,2.0,1.5,1.0,1.67,0.67,Leicester City,2,4,3,4,1.5,2.0,2.0,2.0,1.5,2.0,1.5,2.0,2.0,2.0,1.5,2.0,1.33,1.67,6,Home Win
2024-09-29,6,Sun,4,0.5,14:00,3,0.15384615384615385,Ipswich Town,2,2,1,3,0.5,1.5,1.0,1.0,0.5,1.5,0.5,1.5,1.0,1.0,0.5,0.5,0.67,1.67,Aston Villa,2,2,4,2,2.0,1.0,2.0,1.0,2.0,1.0,2.0,1.0,2.0,1.0,2.0,1.0,2.33,1.0,4,Draw
2024-09-29,6,Sun,4,0.5,16:30,7,0.4615384615384616,Manchester Utd,0,3,1,3,0.5,1.5,0.0,3.0,0.5,1.5,0.5,1.5,0.0,0.0,1.5,0.0,1.33,0.67,Tottenham,3,0,2,3,1.0,1.5,1.0,2.0,1.0,1.5,1.0,1.5,1.0,2.0,1.0,1.5,1.67,1.33,3,Away Win
2024-09-30,6,Mon,2,0.16666666666666666,20:00,13,0.9230769230769231,Bournemouth,3,1,1,2,0.5,1.0,0.0,1.0,0.5,1.0,0.5,1.0,0.0,3.0,1.5,2.5,1.33,2.0,Southampton,1,3,1,4,0.5,2.0,1.0,3.0,0.5,2.0,0.5,2.0,1.0,3.0,0.5,2.0,0.67,1.67,4,Home Win
2024-10-05,7,Sat,3,0.33333333333333337,17:30,9,0.6153846153846154,Everton,0,0,4,7,1.33,2.33,2.0,1.0,2.0,2.0,1.33,2.33,1.0,1.0,1.5,2.0,1.0,2.67,Newcastle Utd,0,0,4,5,1.33,1.67,1.0,3.0,1.5,2.0,1.33,1.67,1.0,3.0,1.5,2.0,1.33,1.67,0,Draw
2024-10-05,7,Sat,3,0.33333333333333337,15:00,5,0.3076923076923077,Leicester City,1,0,3,4,1.0,1.33,1.0,1.0,1.0,1.5,1.0,1.33,2.0,4.0,2.0,3.0,1.67,2.67,Bournemouth,0,1,4,6,1.33,2.0,0.0,3.0,1.5,2.5,1.33,2.0,0.0,3.0,1.5,2.5,1.33,2.0,1,Home Win
2024-10-05,7,Sat,3,0.33333333333333337,15:00,5,0.3076923076923077,Arsenal,3,1,7,3,2.33,1.0,4.0,2.0,2.5,1.5,2.33,1.0,2.0,2.0,1.5,1.0,1.67,0.67,Southampton,1,3,2,7,0.67,2.33,1.0,3.0,1.0,3.0,0.67,2.33,1.0,3.0,1.0,3.0,0.67,2.33,4,Home Win
2024-10-05,7,Sat,3,0.33333333333333337,15:00,5,0.3076923076923077,West Ham,4,1,2,8,0.67,2.67,0.0,3.0,0.5,3.0,0.67,2.67,1.0,1.0,1.0,1.0,1.33,0.67,Ipswich Town,1,4,2,5,0.67,1.67,1.0,1.0,0.5,0.5,0.67,1.67,1.0,1.0,0.5,0.5,0.67,1.67,5,Home Win
2024-10-05,7,Sat,3,0.33333333333333337,15:00,5,0.3076923076923077,Manchester City,3,2,8,4,2.67,1.33,2.0,2.0,2.0,1.5,2.67,1.33,1.0,1.0,2.0,1.0,2.0,0.67,Fulham,2,3,2,2,0.67,0.67,1.0,0.0,1.0,0.5,0.67,0.67,1.0,0.0,1.0,0.5,0.67,0.67,5,Home Win
2024-10-05,7,Sat,3,0.33333333333333337,12:30,1,0.0,Crystal Palace,0,1,2,4,0.67,1.33,0.0,0.0,1.0,1.0,0.67,1.33,1.0,2.0,1.0,1.5,1.0,1.67,Liverpool,1,0,7,1,2.33,0.33,2.0,1.0,2.5,0.5,2.33,0.33,2.0,1.0,2.5,0.5,2.33,0.33,1,Away Win
2024-10-05,7,Sat,3,0.33333333333333337,15:00,5,0.3076923076923077,Brentford,5,3,6,3,2.0,1.0,1.0,1.0,2.0,1.0,2.0,1.0,1.0,3.0,1.0,2.5,0.67,2.33,Wolves,3,5,2,6,0.67,2.0,1.0,3.0,1.0,2.0,0.67,2.0,1.0,3.0,1.0,2.0,0.67,2.0,8,Home Win
2024-10-06,7,Sun,4,0.5,14:00,3,0.15384615384615385,Aston Villa,0,0,6,5,2.0,1.67,3.0,1.0,3.0,1.5,2.0,1.67,2.0,2.0,2.0,1.5,2.0,1.33,Manchester Utd,0,0,4,2,1.33,0.67,0.0,0.0,1.5,0.0,1.33,0.67,0.0,0.0,1.5,0.0,1.33,0.67,0,Draw
2024-10-06,7,Sun,4,0.5,14:00,3,0.15384615384615385,Chelsea,1,1,5,5,1.67,1.67,4.0,2.0,2.5,1.5,1.67,1.67,3.0,0.0,2.0,0.0,3.33,0.67,Nott'ham Forest,1,1,4,2,1.33,0.67,2.0,2.0,1.5,1.0,1.33,0.67,2.0,2.0,1.5,1.0,1.33,0.67,2,Draw
2024-10-06,7,Sun,4,0.5,16:30,7,0.4615384615384616,Brighton,3,2,4,3,1.33,1.0,2.0,2.0,1.0,1.0,1.33,1.0,2.0,4.0,1.5,2.5,2.0,1.67,Tottenham,2,3,5,3,1.67,1.0,3.0,0.0,2.0,1.0,1.67,1.0,3.0,0.0,2.0,1.0,1.67,1.0,5,Home Win
2024-10-19,8,Sat,3,0.33333333333333337,15:00,5,0.3076923076923077,Manchester Utd,2,1,1,6,0.33,2.0,0.0,3.0,0.0,3.0,0.33,2.0,0.0,0.0,0.0,0.0,1.0,0.0,Brentford,1,2,2,7,0.67,2.33,1.0,3.0,1.0,2.5,0.67,2.33,1.0,3.0,1.0,2.5,0.67,2.33,3,Home Win
2024-10-19,8,Sat,3,0.33333333333333337,17:30,9,0.6153846153846154,Bournemouth,2,0,4,3,1.33,1.0,3.0,1.0,1.5,1.0,1.33,1.0,0.0,1.0,0.0,2.0,1.0,2.0,Arsenal,0,2,5,2,1.67,0.67,2.0,2.0,1.5,1.0,1.67,0.67,2.0,2.0,1.5,1.0,1.67,0.67,2,Home Win
2024-10-19,8,Sat,3,0.33333333333333337,15:00,5,0.3076923076923077,Fulham,1,3,6,3,2.0,1.0,3.0,1.0,2.0,1.0,2.0,1.0,2.0,3.0,1.5,1.5,1.33,1.33,Aston Villa,3,1,6,4,2.0,1.33,2.0,2.0,2.0,1.5,2.0,1.33,2.0,2.0,2.0,1.5,2.0,1.33,4,Away Win
2024-10-19,8,Sat,3,0.33333333333333337,15:00,5,0.3076923076923077,Ipswich Town,0,2,3,5,1.0,1.67,2.0,2.0,1.5,1.5,1.0,1.67,1.0,4.0,1.0,2.5,0.67,1.67,Everton,2,0,3,8,1.0,2.67,1.0,1.0,1.5,2.0,1.0,2.67,1.0,1.0,1.5,2.0,1.0,2.67,2,Away Win
2024-10-19,8,Sat,3,0.33333333333333337,15:00,5,0.3076923076923077,Newcastle Utd,0,1,4,2,1.33,0.67,1.0,1.0,1.5,1.0,1.33,0.67,0.0,0.0,0.5,1.5,1.0,1.33,Brighton,1,0,6,5,2.0,1.67,2.0,4.0,1.5,2.5,2.0,1.67,2.0,4.0,1.5,2.5,2.0,1.67,1,Away Win
2024-10-19,8,Sat,3,0.33333333333333337,15:00,5,0.3076923076923077,Southampton,2,3,1,5,0.33,1.67,1.0,1.0,0.5,2.0,0.33,1.67,1.0,3.0,1.0,3.0,1.0,3.0,Leicester City,3,2,5,8,1.67,2.67,2.0,4.0,2.0,3.0,1.67,2.67,2.0,4.0,2.0,3.0,1.67,2.67,5,Away Win
2024-10-19,8,Sat,3,0.33333333333333337,12:30,1,0.0,Tottenham,4,1,7,2,2.33,0.67,3.0,1.0,1.5,1.0,2.33,0.67,2.0,3.0,2.5,1.5,2.0,1.67,West Ham,1,4,4,2,1.33,0.67,1.0,1.0,1.0,1.0,1.33,0.67,1.0,1.0,1.0,1.0,1.33,0.67,5,Home Win
2024-10-20,8,Sun,4,0.5,14:00,3,0.15384615384615385,Wolves,1,2,4,10,1.33,3.33,1.0,2.0,1.0,2.0,1.33,3.33,3.0,5.0,2.0,4.0,1.67,3.0,Manchester City,2,1,6,2,2.0,0.67,1.0,1.0,2.0,1.0,2.0,0.67,1.0,1.0,2.0,1.0,2.0,0.67,3,Away Win
2024-10-20,8,Sun,4,0.5,16:30,7,0.4615384615384616,Liverpool,2,1,5,1,1.67,0.33,3.0,0.0,1.5,0.5,1.67,0.33,1.0,0.0,1.5,0.5,2.0,0.33,Chelsea,1,2,10,2,3.33,0.67,3.0,0.0,2.0,0.0,3.33,0.67,3.0,0.0,2.0,0.0,3.33,0.67,3,Home Win
2024-10-21,8,Mon,2,0.16666666666666666,20:00,13,0.9230769230769231,Nott'ham Forest,1,0,2,3,0.67,1.0,0.0,1.0,0.5,1.0,0.67,1.0,1.0,1.0,1.5,1.5,1.33,1.0,Crystal Palace,0,1,3,5,1.0,1.67,1.0,2.0,1.0,1.5,1.0,1.67,1.0,2.0,1.0,1.5,1.0,1.67,1,Home Win
2024-10-25,9,Fri,1,0.0,20:00,13,0.9230769230769231,Leicester City,1,3,4,4,1.0,1.0,1.0,0.0,1.0,0.5,1.0,1.0,3.0,2.0,2.5,3.0,2.33,2.67,Nott'ham Forest,3,1,5,3,1.25,0.75,1.0,1.0,1.5,1.5,1.33,1.0,1.0,1.0,1.5,1.5,1.33,1.0,4,Away Win
2024-10-26,9,Sat,3,0.33333333333333337,17:30,9,0.6153846153846154,Everton,1,1,4,7,1.0,1.75,0.0,0.0,1.0,0.5,1.33,1.33,2.0,0.0,1.5,0.5,1.67,1.33,Fulham,1,1,4,5,1.0,1.25,2.0,3.0,1.5,1.5,1.33,1.33,2.0,3.0,1.5,1.5,1.33,1.33,2,Draw
2024-10-26,9,Sat,3,0.33333333333333337,15:00,5,0.3076923076923077,Aston Villa,1,1,6,5,1.5,1.25,0.0,0.0,1.5,0.5,2.0,1.0,3.0,1.0,2.5,1.5,2.33,1.33,Bournemouth,1,1,4,7,1.0,1.75,0.0,1.0,0.0,2.0,1.0,2.0,0.0,1.0,0.0,2.0,1.0,2.0,2,Draw
2024-10-26,9,Sat,3,0.33333333333333337,15:00,5,0.3076923076923077,Manchester City,1,0,11,6,2.75,1.5,3.0,2.0,2.5,2.0,2.33,1.67,2.0,1.0,1.5,1.0,2.0,1.0,Southampton,0,1,3,10,0.75,2.5,1.0,3.0,1.0,3.0,1.0,3.0,1.0,3.0,1.0,3.0,1.0,3.0,1,Home Win
2024-10-26,9,Sat,3,0.33333333333333337,15:00,5,0.3076923076923077,Brighton,2,2,7,5,1.75,1.25,3.0,2.0,2.5,2.0,1.67,1.33,1.0,0.0,1.5,2.0,1.33,1.67,Wolves,2,2,5,11,1.25,2.75,3.0,5.0,2.0,4.0,1.67,3.0,3.0,5.0,2.0,4.0,1.67,3.0,4,Draw
2024-10-26,9,Sat,3,0.33333333333333337,15:00,5,0.3076923076923077,Brentford,4,3,11,6,2.75,1.5,5.0,3.0,3.0,2.0,3.0,1.67,1.0,2.0,1.0,2.5,1.0,2.33,Ipswich Town,3,4,3,9,0.75,2.25,1.0,4.0,1.0,2.5,0.67,1.67,1.0,4.0,1.0,2.5,0.67,1.67,7,Home Win
2024-10-27,9,Sun,4,0.5,14:00,3,0.15384615384615385,Chelsea,2,1,6,6,1.5,1.5,1.0,1.0,2.5,1.5,2.0,1.33,1.0,2.0,2.0,1.0,1.67,0.67,Newcastle Utd,1,2,4,5,1.0,1.25,0.0,0.0,0.5,1.5,1.0,1.33,0.0,0.0,0.5,1.5,1.0,1.33,3,Home Win
2024-10-27,9,Sun,4,0.5,14:00,3,0.15384615384615385,West Ham,2,1,6,9,1.5,2.25,4.0,1.0,2.0,2.0,1.67,2.33,1.0,4.0,1.0,2.5,1.0,2.0,Manchester Utd,1,2,4,2,1.0,0.5,0.0,0.0,0.0,0.0,1.0,0.0,0.0,0.0,0.0,0.0,1.0,0.0,3,Home Win
2024-10-27,9,Sun,4,0.5,14:00,3,0.15384615384615385,Crystal Palace,1,0,2,5,0.5,1.25,0.0,1.0,0.0,0.5,0.67,1.0,0.0,1.0,0.5,1.5,0.67,1.33,Tottenham,0,1,7,6,1.75,1.5,2.0,3.0,2.5,1.5,2.0,1.67,2.0,3.0,2.5,1.5,2.0,1.67,1,Home Win
2024-10-27,9,Sun,4,0.5,16:30,7,0.4615384615384616,Arsenal,2,2,10,4,2.5,1.0,3.0,1.0,3.5,1.5,2.67,1.33,0.0,2.0,1.0,2.0,1.0,1.33,Liverpool,2,2,8,1,2.0,0.25,1.0,0.0,1.5,0.5,2.0,0.33,1.0,0.0,1.5,0.5,2.0,0.33,4,Draw
2024-11-02,10,Sat,3,0.33333333333333337,17:30,9,0.6153846153846154,Wolves,2,2,5,12,1.25,3.0,1.0,2.0,1.0,2.0,1.0,2.0,2.0,2.0,2.5,3.5,2.0,3.33,Crystal Palace,2,2,3,6,0.75,1.5,0.0,1.0,0.5,1.5,0.67,1.33,0.0,1.0,0.5,1.5,0.67,1.33,4,Draw
2024-11-02,10,Sat,3,0.33333333333333337,15:00,5,0.3076923076923077,Bournemouth,2,1,6,3,1.5,0.75,2.0,0.0,2.5,0.5,1.67,0.67,1.0,1.0,0.5,1.0,0.33,1.67,Manchester City,1,2,8,3,2.0,0.75,2.0,1.0,1.5,1.0,2.0,1.0,2.0,1.0,1.5,1.0,2.0,1.0,3,Home Win
2024-11-02,10,Sat,3,0.33333333333333337,15:00,5,0.3076923076923077,Ipswich Town,1,1,3,7,0.75,1.75,0.0,2.0,1.0,2.0,1.0,1.67,3.0,4.0,2.0,4.0,1.67,3.0,Leicester City,1,1,8,10,2.0,2.5,3.0,2.0,2.5,3.0,2.33,2.67,3.0,2.0,2.5,3.0,2.33,2.67,2,Draw
2024-11-02,10,Sat,3,0.33333333333333337,12:30,1,0.0,Newcastle Utd,1,0,4,3,1.0,0.75,0.0,1.0,0.5,1.0,1.0,1.0,1.0,2.0,0.5,1.0,0.67,1.67,Arsenal,0,1,5,4,1.25,1.0,0.0,2.0,1.0,2.0,1.0,1.33,0.0,2.0,1.0,2.0,1.0,1.33,1,Home Win
2024-11-02,10,Sat,3,0.33333333333333337,15:00,5,0.3076923076923077,Liverpool,2,1,7,2,1.75,0.5,2.0,1.0,2.5,0.5,1.67,0.67,2.0,2.0,1.5,1.0,1.67,1.0,Brighton,1,2,7,5,1.75,1.25,1.0,0.0,1.5,2.0,1.33,1.67,1.0,0.0,1.5,2.0,1.33,1.67,3,Home Win
2024-11-02,10,Sat,3,0.33333333333333337,15:00,5,0.3076923076923077,Southampton,1,0,3,8,0.75,2.0,2.0,3.0,1.5,2.0,1.0,2.33,0.0,1.0,0.5,2.0,0.67,2.33,Everton,0,1,5,8,1.25,2.0,2.0,0.0,1.5,0.5,1.67,1.33,2.0,0.0,1.5,0.5,1.67,1.33,1,Home Win
2024-11-02,10,Sat,3,0.33333333333333337,15:00,5,0.3076923076923077,Nott'ham Forest,3,0,3,3,0.75,0.75,1.0,0.0,0.5,0.5,0.67,0.67,3.0,1.0,2.0,1.0,2.0,1.33,West Ham,0,3,5,6,1.25,1.5,1.0,4.0,1.0,2.5,1.0,2.0,1.0,4.0,1.0,2.5,1.0,2.0,3,Home Win
2024-11-03,10,Sun,4,0.5,14:00,3,0.15384615384615385,Tottenham,4,1,11,3,2.75,0.75,4.0,1.0,3.5,1.0,2.33,1.0,0.0,1.0,1.0,2.0,1.67,1.33,Aston Villa,1,4,9,5,2.25,1.25,3.0,1.0,2.5,1.5,2.33,1.33,3.0,1.0,2.5,1.5,2.33,1.33,5,Home Win
2024-11-03,10,Sun,4,0.5,16:30,7,0.4615384615384616,Manchester Utd,1,1,3,7,0.75,1.75,2.0,1.0,1.0,2.0,0.67,2.33,1.0,2.0,0.5,1.0,0.33,0.67,Chelsea,1,1,11,4,2.75,1.0,1.0,2.0,2.0,1.0,1.67,0.67,1.0,2.0,2.0,1.0,1.67,0.67,2,Draw
2024-11-04,10,Mon,2,0.16666666666666666,20:00,13,0.9230769230769231,Fulham,2,1,7,6,1.75,1.5,1.0,3.0,2.0,2.0,1.67,1.67,1.0,1.0,1.5,2.0,1.33,1.33,Brentford,1,2,3,9,0.75,2.25,1.0,2.0,1.0,2.5,1.0,2.33,1.0,2.0,1.0,2.5,1.0,2.33,3,Home Win
2024-11-09,11,Sat,3,0.33333333333333337,20:00,13,0.9230769230769231,Liverpool,2,0,9,3,1.8,0.6,2.0,1.0,2.0,1.0,2.33,0.67,2.0,2.0,1.5,1.0,1.67,1.0,Aston Villa,0,2,10,9,2.0,1.8,1.0,4.0,2.0,2.5,2.0,2.33,1.0,4.0,2.0,2.5,2.0,2.33,2,Home Win
2024-11-09,11,Sat,3,0.33333333333333337,15:00,5,0.3076923076923077,Brentford,3,2,15,9,3.0,1.8,4.0,3.0,4.5,3.0,3.33,2.33,1.0,2.0,1.0,2.0,1.0,2.33,Bournemouth,2,3,5,8,1.0,1.6,1.0,1.0,0.5,1.0,0.33,1.67,1.0,1.0,0.5,1.0,0.33,1.67,5,Home Win
2024-11-09,11,Sat,3,0.33333333333333337,15:00,5,0.3076923076923077,West Ham,0,0,8,10,1.6,2.0,2.0,1.0,3.0,1.0,2.0,1.67,0.0,3.0,0.5,3.5,0.67,2.67,Everton,0,0,5,9,1.0,1.8,0.0,1.0,1.0,0.5,1.0,0.67,0.0,1.0,1.0,0.5,1.0,0.67,0,Draw
2024-11-09,11,Sat,3,0.33333333333333337,15:00,5,0.3076923076923077,Crystal Palace,0,2,3,5,0.6,1.0,1.0,0.0,0.5,0.5,0.33,0.33,2.0,2.0,1.0,1.5,1.0,1.67,Fulham,2,0,5,6,1.0,1.2,1.0,1.0,1.5,2.0,1.33,1.33,1.0,1.0,1.5,2.0,1.33,1.33,2,Away Win
2024-11-09,11,Sat,3,0.33333333333333337,15:00,5,0.3076923076923077,Wolves,2,0,7,14,1.4,2.8,2.0,2.0,1.5,2.0,1.33,2.0,2.0,2.0,2.5,3.5,2.0,3.33,Southampton,0,2,3,11,0.6,2.2,0.0,1.0,0.5,2.0,0.67,2.33,0.0,1.0,0.5,2.0,0.67,2.33,2,Home Win
2024-11-09,11,Sat,3,0.33333333333333337,17:30,9,0.6153846153846154,Brighton,2,1,9,7,1.8,1.4,2.0,2.0,2.5,2.0,2.33,2.0,1.0,2.0,1.0,1.0,1.33,2.0,Manchester City,1,2,9,5,1.8,1.0,1.0,2.0,1.5,1.5,1.33,1.33,1.0,2.0,1.5,1.5,1.33,1.33,3,Home Win
2024-11-10,11,Sun,4,0.5,16:30,7,0.4615384615384616,Chelsea,1,1,8,7,1.6,1.4,2.0,1.0,1.5,1.0,2.33,1.33,1.0,1.0,1.0,1.5,1.67,1.0,Arsenal,1,1,5,5,1.0,1.0,0.0,1.0,0.0,1.5,0.67,1.67,0.0,1.0,0.0,1.5,0.67,1.67,2,Draw
2024-11-10,11,Sun,4,0.5,14:00,3,0.15384615384615385,Tottenham,1,2,15,4,3.0,0.8,4.0,1.0,4.0,1.0,3.67,1.0,0.0,1.0,1.0,2.0,1.67,1.33,Ipswich Town,2,1,6,13,1.2,2.6,3.0,4.0,2.0,4.0,1.67,3.0,3.0,4.0,2.0,4.0,1.67,3.0,3,Away Win
2024-11-10,11,Sun,4,0.5,14:00,3,0.15384615384615385,Manchester Utd,3,0,4,8,0.8,1.6,1.0,1.0,1.5,1.0,1.0,1.67,1.0,2.0,0.5,1.0,0.33,0.67,Leicester City,0,3,9,11,1.8,2.2,1.0,1.0,2.0,1.5,2.0,2.33,1.0,1.0,2.0,1.5,2.0,2.33,3,Home Win
2024-11-10,11,Sun,4,0.5,14:00,3,0.15384615384615385,Nott'ham Forest,1,3,6,3,1.2,0.6,3.0,0.0,2.0,0.0,1.33,0.33,3.0,1.0,2.0,1.0,2.0,1.33,Newcastle Utd,3,1,5,7,1.0,1.4,1.0,2.0,0.5,1.0,0.67,1.67,1.0,2.0,0.5,1.0,0.67,1.67,4,Away Win
2024-11-23,12,Sat,3,0.33333333333333337,12:30,1,0.0,Leicester City,1,2,5,7,1.0,1.4,1.0,3.0,1.0,1.5,1.0,1.33,0.0,3.0,0.5,2.0,1.33,2.0,Chelsea,2,1,12,5,2.4,1.0,1.0,1.0,1.0,1.5,1.67,1.0,1.0,1.0,1.0,1.5,1.67,1.0,3,Away Win
2024-11-23,12,Sat,3,0.33333333333333337,15:00,5,0.3076923076923077,Arsenal,3,0,12,6,2.4,1.2,2.0,2.0,2.5,1.5,3.0,1.67,1.0,1.0,0.5,1.0,0.33,1.33,Nott'ham Forest,0,3,8,4,1.6,0.8,3.0,1.0,2.0,1.0,2.0,1.33,3.0,1.0,2.0,1.0,2.0,1.33,3,Home Win
2024-11-23,12,Sat,3,0.33333333333333337,15:00,5,0.3076923076923077,Bournemouth,1,2,8,4,1.6,0.8,2.0,1.0,2.0,0.5,2.33,0.67,2.0,3.0,1.5,2.0,1.0,1.67,Brighton,2,1,8,7,1.6,1.4,1.0,2.0,1.0,1.0,1.33,2.0,1.0,2.0,1.0,1.0,1.33,2.0,3,Away Win
2024-11-23,12,Sat,3,0.33333333333333337,15:00,5,0.3076923076923077,Aston Villa,2,2,7,6,1.4,1.2,1.0,1.0,0.5,0.5,1.33,0.67,0.0,2.0,0.5,3.0,1.33,2.33,Crystal Palace,2,2,5,8,1.0,1.6,2.0,2.0,1.0,1.5,1.0,1.67,2.0,2.0,1.0,1.5,1.0,1.67,4,Draw
2024-11-23,12,Sat,3,0.33333333333333337,15:00,5,0.3076923076923077,Everton,0,0,5,8,1.0,1.6,1.0,1.0,0.5,0.5,1.0,0.67,0.0,0.0,0.0,0.5,0.67,0.33,Brentford,0,0,4,11,0.8,2.2,1.0,2.0,1.0,2.0,1.0,2.33,1.0,2.0,1.0,2.0,1.0,2.33,0,Draw
2024-11-23,12,Sat,3,0.33333333333333337,15:00,5,0.3076923076923077,Fulham,1,4,9,7,1.8,1.4,2.0,1.0,1.5,2.0,2.0,1.67,2.0,0.0,1.5,0.5,1.67,1.33,Wolves,4,1,7,13,1.4,2.6,2.0,2.0,2.5,3.5,2.0,3.33,2.0,2.0,2.5,3.5,2.0,3.33,5,Away Win
2024-11-23,12,Sat,3,0.33333333333333337,17:30,9,0.6153846153846154,Manchester City,0,4,12,6,2.4,1.2,1.0,0.0,2.0,1.0,2.0,1.33,1.0,2.0,1.0,2.0,1.33,1.67,Tottenham,4,0,7,7,1.4,1.4,0.0,1.0,1.0,2.0,1.67,1.33,0.0,1.0,1.0,2.0,1.67,1.33,4,Away Win
2024-11-24,12,Sun,4,0.5,14:00,3,0.15384615384615385,Southampton,2,3,4,8,0.8,1.6,1.0,0.0,1.5,1.5,1.33,1.33,0.0,2.0,0.0,1.5,0.33,2.0,Liverpool,3,2,10,3,2.0,0.6,2.0,2.0,1.5,1.0,1.67,1.0,2.0,2.0,1.5,1.0,1.67,1.0,5,Away Win
2024-11-24,12,Sun,4,0.5,16:30,7,0.4615384615384616,Ipswich Town,1,1,4,8,0.8,1.6,1.0,1.0,0.5,1.5,1.0,1.67,2.0,1.0,2.5,2.5,2.0,3.0,Manchester Utd,1,1,5,4,1.0,0.8,1.0,2.0,0.5,1.0,0.33,0.67,1.0,2.0,0.5,1.0,0.33,0.67,2,Draw
2024-11-25,12,Mon,2,0.16666666666666666,20:00,13,0.9230769230769231,Newcastle Utd,0,2,5,3,1.0,0.6,1.0,0.0,0.5,0.5,0.67,0.67,3.0,1.0,2.0,1.5,1.33,1.0,West Ham,2,0,5,9,1.0,1.8,0.0,3.0,0.5,3.5,0.67,2.67,0.0,3.0,0.5,3.5,0.67,2.67,2,Away Win
2024-11-29,13,Fri,1,0.0,20:00,13,0.9230769230769231,Brighton,1,1,11,8,1.83,1.33,2.0,1.0,2.0,1.5,2.33,1.67,2.0,1.0,1.5,1.5,1.33,1.0,Southampton,1,1,3,13,0.5,2.17,0.0,2.0,0.0,1.5,0.33,2.0,0.0,2.0,0.0,1.5,0.33,2.0,2,Draw
2024-11-30,13,Sat,3,0.33333333333333337,17:30,9,0.6153846153846154,West Ham,2,5,8,10,1.33,1.67,0.0,0.0,1.0,0.5,2.0,0.67,2.0,0.0,1.0,1.5,1.0,2.33,Arsenal,5,2,6,6,1.0,1.0,1.0,1.0,0.5,1.0,0.33,1.33,1.0,1.0,0.5,1.0,0.33,1.33,7,Away Win
2024-11-30,13,Sat,3,0.33333333333333337,15:00,5,0.3076923076923077,Nott'ham Forest,1,0,7,6,1.17,1.0,1.0,3.0,2.0,1.5,1.67,1.0,0.0,3.0,1.5,2.0,1.33,1.67,Ipswich Town,0,1,8,14,1.33,2.33,2.0,1.0,2.5,2.5,2.0,3.0,2.0,1.0,2.5,2.5,2.0,3.0,1,Home Win
2024-11-30,13,Sat,3,0.33333333333333337,15:00,5,0.3076923076923077,Brentford,4,1,18,11,3.0,1.83,3.0,2.0,3.5,2.5,4.0,2.67,0.0,0.0,0.5,1.0,0.67,1.33,Leicester City,1,4,9,14,1.5,2.33,0.0,3.0,0.5,2.0,1.33,2.0,0.0,3.0,0.5,2.0,1.33,2.0,5,Home Win
2024-11-30,13,Sat,3,0.33333333333333337,15:00,5,0.3076923076923077,Crystal Palace,1,1,3,7,0.5,1.17,0.0,2.0,0.5,1.0,0.33,1.0,2.0,2.0,2.0,2.0,1.33,1.67,Newcastle Utd,1,1,8,8,1.33,1.33,3.0,1.0,2.0,1.5,1.33,1.0,3.0,1.0,2.0,1.5,1.33,1.0,2,Draw
2024-11-30,13,Sat,3,0.33333333333333337,15:00,5,0.3076923076923077,Wolves,2,4,9,14,1.5,2.33,2.0,0.0,2.0,1.0,1.67,1.33,4.0,1.0,3.0,1.5,3.0,2.67,Bournemouth,4,2,7,11,1.17,1.83,2.0,3.0,1.5,2.0,1.0,1.67,2.0,3.0,1.5,2.0,1.0,1.67,6,Away Win
2024-12-01,13,Sun,4,0.5,13:30,2,0.07692307692307693,Chelsea,3,0,9,8,1.5,1.33,1.0,1.0,1.5,1.0,1.33,1.0,2.0,1.0,1.5,1.0,1.33,1.33,Aston Villa,0,3,10,11,1.67,1.83,0.0,2.0,0.5,3.0,1.33,2.33,0.0,2.0,0.5,3.0,1.33,2.33,3,Home Win
2024-12-01,13,Sun,4,0.5,13:30,2,0.07692307692307693,Tottenham,1,1,16,6,2.67,1.0,1.0,2.0,2.5,1.5,3.0,1.33,4.0,0.0,2.0,0.5,2.0,1.33,Fulham,1,1,7,6,1.17,1.0,2.0,0.0,1.5,0.5,1.67,1.33,2.0,0.0,1.5,0.5,1.67,1.33,2,Draw
2024-12-01,13,Sun,4,0.5,13:30,2,0.07692307692307693,Manchester Utd,4,0,7,8,1.17,1.33,3.0,0.0,2.0,0.5,2.0,0.67,1.0,1.0,1.0,1.5,0.67,1.0,Everton,0,4,5,9,0.83,1.5,0.0,0.0,0.0,0.5,0.67,0.33,0.0,0.0,0.0,0.5,0.67,0.33,4,Home Win
2024-12-01,13,Sun,4,0.5,16:00,6,0.38461538461538464,Liverpool,2,0,11,3,1.83,0.5,2.0,0.0,2.0,0.5,2.0,0.67,3.0,2.0,2.5,2.0,2.0,1.33,Manchester City,0,2,10,7,1.67,1.17,1.0,2.0,1.0,2.0,1.33,1.67,1.0,2.0,1.0,2.0,1.33,1.67,2,Home Win
2024-12-03,14,Tue,6,0.8333333333333334,19:30,11,0.7692307692307694,Ipswich Town,0,1,5,9,0.83,1.5,1.0,1.0,1.0,1.0,0.67,1.33,0.0,1.0,1.0,1.0,1.67,2.0,Crystal Palace,1,0,7,10,1.17,1.67,2.0,2.0,2.0,2.0,1.33,1.67,2.0,2.0,2.0,2.0,1.33,1.67,1,Away Win
2024-12-03,14,Tue,6,0.8333333333333334,20:15,14,1.0000000000000002,Leicester City,3,1,6,9,1.0,1.5,1.0,2.0,1.0,2.5,1.0,1.67,1.0,4.0,0.5,3.5,0.67,2.67,West Ham,1,3,7,9,1.17,1.5,2.0,0.0,1.0,1.5,1.0,2.33,2.0,0.0,1.0,1.5,1.0,2.33,4,Home Win
2024-12-04,14,Wed,7,0.9999999999999999,19:30,11,0.7692307692307694,Everton,4,0,5,8,0.83,1.33,0.0,0.0,0.5,0.5,0.33,0.33,0.0,4.0,0.0,2.0,0.0,1.67,Wolves,0,4,11,14,1.83,2.33,4.0,1.0,3.0,1.5,3.0,2.67,4.0,1.0,3.0,1.5,3.0,2.67,4,Home Win
2024-12-04,14,Wed,7,0.9999999999999999,19:30,11,0.7692307692307694,Newcastle Utd,3,3,5,5,0.83,0.83,0.0,2.0,0.5,1.0,0.33,1.0,1.0,1.0,2.0,1.0,1.67,1.33,Liverpool,3,3,13,5,2.17,0.83,3.0,2.0,2.5,2.0,2.0,1.33,3.0,2.0,2.5,2.0,2.0,1.33,6,Draw
2024-12-04,14,Wed,7,0.9999999999999999,19:30,11,0.7692307692307694,Manchester City,3,0,12,10,2.0,1.67,0.0,4.0,0.5,2.0,1.33,2.0,0.0,2.0,0.5,2.0,0.67,2.0,Nott'ham Forest,0,3,8,7,1.33,1.17,0.0,3.0,1.5,2.0,1.33,1.67,0.0,3.0,1.5,2.0,1.33,1.67,3,Home Win
2024-12-04,14,Wed,7,0.9999999999999999,19:30,11,0.7692307692307694,Southampton,1,5,6,11,1.0,1.83,2.0,3.0,1.5,1.5,1.67,2.0,1.0,1.0,0.5,1.5,0.33,1.33,Chelsea,5,1,14,6,2.33,1.0,2.0,1.0,1.5,1.0,1.33,1.33,2.0,1.0,1.5,1.0,1.33,1.33,6,Away Win
2024-12-04,14,Wed,7,0.9999999999999999,20:15,14,1.0000000000000002,Arsenal,2,0,15,6,2.5,1.0,3.0,0.0,2.5,1.0,2.67,1.0,5.0,2.0,3.0,1.5,2.0,1.33,Manchester Utd,0,2,6,5,1.0,0.83,1.0,1.0,1.0,1.5,0.67,1.0,1.0,1.0,1.0,1.5,0.67,1.0,2,Home Win
2024-12-04,14,Wed,7,0.9999999999999999,20:15,14,1.0000000000000002,Aston Villa,3,1,9,8,1.5,1.33,2.0,2.0,1.5,1.5,1.0,1.0,0.0,3.0,0.0,2.5,0.33,3.0,Brentford,1,3,4,11,0.67,1.83,0.0,0.0,0.5,1.0,0.67,1.33,0.0,0.0,0.5,1.0,0.67,1.33,4,Home Win
2024-12-05,14,Thu,5,0.6666666666666666,20:15,14,1.0000000000000002,Bournemouth,1,0,9,6,1.5,1.0,1.0,2.0,1.5,1.5,1.67,1.0,4.0,2.0,3.0,2.5,2.33,2.0,Tottenham,0,1,11,7,1.83,1.17,4.0,0.0,2.0,0.5,2.0,1.33,4.0,0.0,2.0,0.5,2.0,1.33,1,Home Win
2024-12-05,14,Thu,5,0.6666666666666666,19:30,11,0.7692307692307694,Fulham,3,1,10,11,1.67,1.83,1.0,4.0,1.5,2.5,1.33,2.67,1.0,1.0,1.5,0.5,1.33,0.67,Brighton,1,3,10,8,1.67,1.33,2.0,1.0,1.5,1.5,1.33,1.0,2.0,1.0,1.5,1.5,1.33,1.0,4,Home Win
2024-12-07,15,Sat,3,0.33333333333333337,15:00,5,0.3076923076923077,Crystal Palace,2,2,4,8,0.57,1.14,1.0,1.0,0.5,1.5,0.67,1.0,1.0,0.0,1.5,1.0,1.67,1.33,Manchester City,2,2,10,9,1.43,1.29,0.0,2.0,0.5,2.0,0.67,2.0,0.0,2.0,0.5,2.0,0.67,2.0,4,Draw
2024-12-07,15,Sat,3,0.33333333333333337,15:00,5,0.3076923076923077,Aston Villa,1,0,12,9,1.71,1.29,3.0,1.0,2.5,1.5,2.0,1.33,0.0,3.0,0.0,2.5,0.33,3.0,Southampton,0,1,4,14,0.57,2.0,1.0,1.0,0.5,1.5,0.33,1.33,1.0,1.0,0.5,1.5,0.33,1.33,1,Home Win
2024-12-07,15,Sat,3,0.33333333333333337,15:00,5,0.3076923076923077,Brentford,4,2,22,12,3.14,1.71,4.0,1.0,3.5,1.5,3.67,2.0,1.0,3.0,0.5,1.5,0.67,1.67,Newcastle Utd,2,4,9,9,1.29,1.29,1.0,1.0,2.0,1.0,1.67,1.33,1.0,1.0,2.0,1.0,1.67,1.33,6,Home Win
2024-12-07,15,Sat,3,0.33333333333333337,17:30,9,0.6153846153846154,Manchester Utd,2,3,11,8,1.57,1.14,4.0,0.0,3.5,0.0,2.67,0.33,0.0,2.0,0.5,1.5,0.67,1.67,Nott'ham Forest,3,2,8,10,1.14,1.43,0.0,3.0,0.0,3.0,1.0,2.33,0.0,3.0,0.0,3.0,1.0,2.33,5,Away Win
2024-12-08,15,Sun,4,0.5,16:30,7,0.4615384615384616,Tottenham,3,4,17,7,2.43,1.0,1.0,1.0,1.0,1.5,2.0,1.33,0.0,1.0,2.0,0.5,1.33,0.67,Chelsea,4,3,19,7,2.71,1.0,5.0,1.0,3.5,1.0,2.67,1.0,5.0,1.0,3.5,1.0,2.67,1.0,7,Away Win
2024-12-08,15,Sun,4,0.5,14:00,3,0.15384615384615385,Leicester City,2,2,9,10,1.29,1.43,3.0,1.0,2.0,1.5,1.67,2.0,1.0,4.0,0.5,3.5,0.67,2.67,Brighton,2,2,11,11,1.57,1.57,1.0,3.0,1.5,2.0,1.33,2.0,1.0,3.0,1.5,2.0,1.33,2.0,4,Draw
2024-12-08,15,Sun,4,0.5,14:00,3,0.15384615384615385,Fulham,1,1,13,12,1.86,1.71,3.0,1.0,2.0,2.5,2.0,2.0,1.0,1.0,1.5,0.5,1.33,0.67,Arsenal,1,1,11,8,1.57,1.14,5.0,2.0,3.0,1.5,2.0,1.33,5.0,2.0,3.0,1.5,2.0,1.33,2,Draw
2024-12-08,15,Sun,4,0.5,14:00,3,0.15384615384615385,Ipswich Town,1,2,5,10,0.71,1.43,0.0,1.0,0.5,1.0,0.67,1.0,0.0,1.0,1.0,1.0,1.67,2.0,Bournemouth,2,1,11,13,1.57,1.86,4.0,2.0,3.0,2.5,2.33,2.0,4.0,2.0,3.0,2.5,2.33,2.0,3,Away Win
2024-12-09,15,Mon,2,0.16666666666666666,20:00,13,0.9230769230769231,West Ham,2,1,10,15,1.43,2.14,2.0,5.0,1.0,2.5,1.33,2.0,1.0,3.0,1.5,1.5,1.0,2.0,Wolves,1,2,11,18,1.57,2.57,0.0,4.0,2.0,2.5,2.0,2.33,0.0,4.0,2.0,2.5,2.0,2.33,3,Home Win
2024-12-14,16,Sat,3,0.33333333333333337,15:00,5,0.3076923076923077,Newcastle Utd,4,0,8,8,1.14,1.14,3.0,3.0,1.5,2.5,1.33,1.67,2.0,4.0,1.5,2.5,2.0,2.0,Leicester City,0,4,10,18,1.43,2.57,1.0,4.0,0.5,3.5,0.67,2.67,1.0,4.0,0.5,3.5,0.67,2.67,4,Home Win
2024-12-14,16,Sat,3,0.33333333333333337,15:00,5,0.3076923076923077,Arsenal,0,0,17,6,2.43,0.86,2.0,0.0,2.5,0.0,2.33,0.67,1.0,1.0,3.0,1.5,2.33,1.33,Everton,0,0,5,13,0.71,1.86,0.0,4.0,0.0,2.0,0.0,1.67,0.0,4.0,0.0,2.0,0.0,1.67,0,Draw
2024-12-14,16,Sat,3,0.33333333333333337,15:00,5,0.3076923076923077,Wolves,1,2,11,18,1.57,2.57,2.0,4.0,2.0,2.0,2.0,2.0,1.0,2.0,0.5,3.0,1.67,2.33,Ipswich Town,2,1,8,15,1.14,2.14,0.0,1.0,1.0,1.0,1.67,2.0,0.0,1.0,1.0,1.0,1.67,2.0,3,Away Win
2024-12-14,16,Sat,3,0.33333333333333337,15:00,5,0.3076923076923077,Liverpool,2,2,13,3,1.86,0.43,2.0,0.0,2.0,0.0,2.0,0.33,3.0,3.0,3.0,2.5,2.67,2.33,Fulham,2,2,8,7,1.14,1.0,1.0,1.0,1.5,0.5,1.33,0.67,1.0,1.0,1.5,0.5,1.33,0.67,4,Draw
2024-12-14,16,Sat,3,0.33333333333333337,17:30,9,0.6153846153846154,Nott'ham Forest,2,1,8,6,1.14,0.86,1.0,0.0,1.0,1.5,1.67,1.0,3.0,2.0,1.5,2.5,1.0,2.67,Aston Villa,1,2,10,14,1.43,2.0,0.0,3.0,0.0,2.5,0.33,3.0,0.0,3.0,0.0,2.5,0.33,3.0,3,Home Win
2024-12-15,16,Sun,4,0.5,19:00,10,0.6923076923076923,Chelsea,2,1,12,8,1.71,1.14,3.0,0.0,2.0,0.5,2.0,0.67,4.0,3.0,4.5,2.0,3.67,1.67,Brentford,1,2,5,14,0.71,2.0,1.0,3.0,0.5,1.5,0.67,1.67,1.0,3.0,0.5,1.5,0.67,1.67,3,Home Win
2024-12-15,16,Sun,4,0.5,19:00,10,0.6923076923076923,Southampton,0,5,7,16,1.0,2.29,1.0,5.0,1.5,4.0,1.33,2.67,0.0,1.0,0.5,1.0,0.33,1.33,Tottenham,5,0,11,8,1.57,1.14,0.0,1.0,2.0,0.5,1.33,0.67,0.0,1.0,2.0,0.5,1.33,0.67,5,Away Win
2024-12-15,16,Sun,4,0.5,14:00,3,0.15384615384615385,Brighton,1,3,12,9,1.71,1.29,1.0,1.0,1.5,1.0,1.67,1.33,2.0,2.0,1.5,2.5,1.67,2.0,Crystal Palace,3,1,8,10,1.14,1.43,1.0,0.0,1.5,1.0,1.67,1.33,1.0,0.0,1.5,1.0,1.67,1.33,4,Away Win
2024-12-15,16,Sun,4,0.5,16:30,7,0.4615384615384616,Manchester City,1,2,15,10,2.14,1.43,3.0,0.0,1.5,2.0,1.33,1.33,2.0,2.0,1.0,2.0,1.0,2.0,Manchester Utd,2,1,6,7,0.86,1.0,0.0,2.0,0.5,1.5,0.67,1.67,0.0,2.0,0.5,1.5,0.67,1.67,3,Away Win
2024-12-16,16,Mon,2,0.16666666666666666,20:00,13,0.9230769230769231,Bournemouth,1,1,10,6,1.43,0.86,1.0,0.0,1.0,1.0,1.33,1.0,2.0,1.0,3.0,1.5,2.67,2.0,West Ham,1,1,8,12,1.14,1.71,1.0,3.0,1.5,1.5,1.0,2.0,1.0,3.0,1.5,1.5,1.0,2.0,2,Draw
2024-12-21,17,Sat,3,0.33333333333333337,12:30,1,0.0,Aston Villa,2,1,13,9,1.62,1.12,1.0,0.0,2.0,0.5,2.0,1.0,1.0,2.0,0.5,2.5,0.33,2.33,Manchester City,1,2,12,11,1.5,1.38,2.0,2.0,1.0,2.0,1.0,2.0,2.0,2.0,1.0,2.0,1.0,2.0,3,Home Win
2024-12-21,17,Sat,3,0.33333333333333337,15:00,5,0.3076923076923077,West Ham,1,1,12,16,1.5,2.0,2.0,1.0,2.0,3.0,1.33,2.0,1.0,1.0,1.0,2.0,1.33,1.33,Brighton,1,1,13,13,1.62,1.62,2.0,2.0,1.5,2.5,1.67,2.0,2.0,2.0,1.5,2.5,1.67,2.0,2,Draw
2024-12-21,17,Sat,3,0.33333333333333337,15:00,5,0.3076923076923077,Brentford,0,2,26,14,3.25,1.75,4.0,2.0,4.0,1.5,3.67,1.67,1.0,2.0,1.0,2.5,0.67,1.67,Nott'ham Forest,2,0,11,12,1.38,1.5,3.0,2.0,1.5,2.5,1.0,2.67,3.0,2.0,1.5,2.5,1.0,2.67,2,Away Win
2024-12-21,17,Sat,3,0.33333333333333337,15:00,5,0.3076923076923077,Ipswich Town,0,4,6,12,0.75,1.5,1.0,2.0,0.5,1.5,0.67,1.33,2.0,1.0,1.0,1.0,1.33,1.0,Newcastle Utd,4,0,11,13,1.38,1.62,2.0,4.0,1.5,2.5,2.0,2.0,2.0,4.0,1.5,2.5,2.0,2.0,4,Away Win
2024-12-21,17,Sat,3,0.33333333333333337,17:30,9,0.6153846153846154,Crystal Palace,1,5,6,10,0.75,1.25,2.0,2.0,1.5,1.5,1.0,1.67,3.0,1.0,2.0,0.5,2.0,1.0,Arsenal,5,1,12,9,1.5,1.12,1.0,1.0,3.0,1.5,2.33,1.33,1.0,1.0,3.0,1.5,2.33,1.33,6,Away Win
2024-12-22,17,Sun,4,0.5,16:30,7,0.4615384615384616,Tottenham,3,6,20,11,2.5,1.38,3.0,4.0,2.0,2.5,1.67,2.33,5.0,0.0,2.5,0.5,3.0,0.33,Liverpool,6,3,16,8,2.29,1.14,3.0,3.0,3.0,2.5,2.67,2.33,3.0,3.0,3.0,2.5,2.67,2.33,9,Away Win
2024-12-22,17,Sun,4,0.5,14:00,3,0.15384615384615385,Leicester City,0,3,11,12,1.38,1.5,2.0,2.0,2.5,1.5,2.0,1.67,0.0,4.0,0.5,4.0,0.33,3.67,Wolves,3,0,12,20,1.5,2.5,1.0,2.0,0.5,3.0,1.67,2.33,1.0,2.0,0.5,3.0,1.67,2.33,3,Away Win
2024-12-22,17,Sun,4,0.5,14:00,3,0.15384615384615385,Manchester Utd,0,3,13,11,1.62,1.38,2.0,3.0,3.0,1.5,3.0,1.0,2.0,1.0,1.0,1.5,1.0,1.33,Bournemouth,3,0,13,14,1.62,1.75,2.0,1.0,3.0,1.5,2.67,2.0,2.0,1.0,3.0,1.5,2.67,2.0,3,Away Win
2024-12-22,17,Sun,4,0.5,14:00,3,0.15384615384615385,Fulham,0,0,14,13,1.75,1.62,1.0,1.0,2.0,1.0,1.67,2.0,2.0,2.0,1.5,1.5,1.67,1.0,Southampton,0,0,4,15,0.5,1.88,0.0,1.0,0.5,1.0,0.33,1.33,0.0,1.0,0.5,1.0,0.33,1.33,0,Draw
2024-12-22,17,Sun,4,0.5,14:00,3,0.15384615384615385,Everton,0,0,9,8,1.29,1.14,4.0,0.0,2.0,0.0,1.67,0.33,0.0,0.0,0.0,2.0,0.0,1.33,Chelsea,0,0,23,10,2.88,1.25,4.0,3.0,4.5,2.0,3.67,1.67,4.0,3.0,4.5,2.0,3.67,1.67,0,Draw
2024-12-26,18,Thu,5,0.6666666666666666,12:30,1,0.0,Manchester City,1,1,16,12,2.0,1.5,1.0,2.0,2.0,1.0,1.33,2.0,1.0,2.0,1.5,2.0,1.0,2.0,Everton,1,1,5,13,0.62,1.62,0.0,0.0,0.0,2.0,0.0,1.33,0.0,0.0,0.0,2.0,0.0,1.33,2,Draw
2024-12-26,18,Thu,5,0.6666666666666666,15:00,5,0.3076923076923077,Chelsea,1,2,14,9,1.75,1.12,2.0,1.0,2.5,0.5,2.0,0.67,0.0,0.0,2.0,1.5,3.0,1.33,Fulham,2,1,10,9,1.25,1.12,2.0,2.0,1.5,1.5,1.67,1.0,2.0,2.0,1.5,1.5,1.67,1.0,3,Away Win
2024-12-26,18,Thu,5,0.6666666666666666,15:00,5,0.3076923076923077,Southampton,0,1,7,21,0.88,2.62,0.0,5.0,0.5,5.0,1.0,4.33,0.0,0.0,0.0,0.5,0.33,0.67,West Ham,1,0,9,13,1.12,1.62,1.0,1.0,1.0,2.0,1.33,1.33,1.0,1.0,1.0,2.0,1.33,1.33,1,Away Win
2024-12-26,18,Thu,5,0.6666666666666666,15:00,5,0.3076923076923077,Bournemouth,0,0,11,7,1.38,0.88,1.0,1.0,1.0,0.5,1.0,1.0,3.0,0.0,2.5,0.5,3.0,1.0,Crystal Palace,0,0,11,11,1.38,1.38,3.0,1.0,2.0,0.5,2.0,1.0,3.0,1.0,2.0,0.5,2.0,1.0,0,Draw
2024-12-26,18,Thu,5,0.6666666666666666,15:00,5,0.3076923076923077,Newcastle Utd,3,0,12,8,1.5,1.0,4.0,0.0,3.5,1.5,2.33,1.67,4.0,0.0,3.0,2.0,2.33,1.67,Aston Villa,0,3,11,16,1.38,2.0,1.0,2.0,0.5,2.5,0.33,2.33,1.0,2.0,0.5,2.5,0.33,2.33,3,Home Win
2024-12-26,18,Thu,5,0.6666666666666666,15:00,5,0.3076923076923077,Nott'ham Forest,1,0,10,7,1.25,0.88,2.0,1.0,1.5,0.5,1.33,1.33,2.0,0.0,2.5,1.0,1.67,1.67,Tottenham,0,1,16,8,2.0,1.0,5.0,0.0,2.5,0.5,3.0,0.33,5.0,0.0,2.5,0.5,3.0,0.33,1,Home Win
2024-12-26,18,Thu,5,0.6666666666666666,17:30,9,0.6153846153846154,Wolves,2,0,12,20,1.5,2.5,1.0,2.0,1.5,3.0,1.67,2.0,3.0,0.0,2.0,1.0,1.33,2.0,Manchester Utd,0,2,8,8,1.0,1.0,2.0,1.0,1.0,1.5,1.0,1.33,2.0,1.0,1.0,1.5,1.0,1.33,2,Home Win
2024-12-26,18,Thu,5,0.6666666666666666,20:00,13,0.9230769230769231,Liverpool,3,1,15,5,1.88,0.62,2.0,2.0,2.0,1.0,2.0,0.67,6.0,3.0,4.5,3.0,4.0,2.67,Leicester City,1,3,10,22,1.25,2.75,0.0,4.0,0.5,4.0,0.33,3.67,0.0,4.0,0.5,4.0,0.33,3.67,4,Home Win
2024-12-27,18,Fri,1,0.0,19:30,11,0.7692307692307694,Brighton,0,0,13,12,1.62,1.5,1.0,3.0,1.0,2.0,1.33,1.67,1.0,1.0,1.5,1.5,1.33,2.0,Brentford,0,0,6,16,0.75,2.0,1.0,2.0,1.0,2.5,0.67,1.67,1.0,2.0,1.0,2.5,0.67,1.67,0,Draw
2024-12-27,18,Fri,1,0.0,20:15,14,1.0000000000000002,Arsenal,1,0,17,6,2.12,0.75,0.0,0.0,1.0,0.0,1.67,0.0,5.0,1.0,3.0,1.0,3.67,1.33,Ipswich Town,0,1,10,16,1.25,2.0,2.0,1.0,1.0,1.0,1.33,1.0,2.0,1.0,1.0,1.0,1.33,1.0,1,Home Win
2024-12-29,19,Sun,4,0.5,15:00,5,0.3076923076923077,Crystal Palace,2,1,7,15,0.78,1.67,1.0,5.0,1.5,3.5,1.33,2.67,0.0,0.0,1.5,0.5,1.33,0.33,Southampton,1,2,4,15,0.44,1.67,0.0,0.0,0.0,0.5,0.33,0.67,0.0,0.0,0.0,0.5,0.33,0.67,3,Home Win
2024-12-29,19,Sun,4,0.5,17:15,8,0.5384615384615385,West Ham,0,5,13,17,1.44,1.89,1.0,1.0,1.5,1.0,1.67,2.33,1.0,0.0,1.0,0.5,1.0,1.33,Liverpool,5,0,22,11,2.75,1.38,6.0,3.0,4.5,3.0,4.0,2.67,6.0,3.0,4.5,3.0,4.0,2.67,5,Away Win
2024-12-29,19,Sun,4,0.5,15:00,5,0.3076923076923077,Everton,0,2,9,8,1.12,1.0,0.0,0.0,2.0,0.0,1.33,0.0,1.0,1.0,0.5,0.5,0.33,1.67,Nott'ham Forest,2,0,13,12,1.44,1.33,2.0,0.0,2.5,1.0,1.67,1.67,2.0,0.0,2.5,1.0,1.67,1.67,2,Away Win
2024-12-29,19,Sun,4,0.5,15:00,5,0.3076923076923077,Tottenham,2,2,23,17,2.56,1.89,3.0,6.0,3.0,5.0,2.33,3.67,0.0,1.0,2.5,0.5,1.67,0.67,Wolves,2,2,15,20,1.67,2.22,3.0,0.0,2.0,1.0,1.33,2.0,3.0,0.0,2.0,1.0,1.33,2.0,4,Draw
2024-12-29,19,Sun,4,0.5,14:30,4,0.23076923076923078,Leicester City,0,2,11,15,1.22,1.67,0.0,3.0,1.0,2.5,1.67,2.0,1.0,3.0,0.5,3.5,0.67,3.67,Manchester City,2,0,13,13,1.44,1.44,1.0,2.0,1.5,2.0,1.0,2.0,1.0,2.0,1.5,2.0,1.0,2.0,2,Away Win
2024-12-29,19,Sun,4,0.5,15:00,5,0.3076923076923077,Fulham,2,2,14,13,1.56,1.44,0.0,0.0,0.5,0.5,1.33,0.67,2.0,1.0,2.0,1.5,1.67,1.33,Bournemouth,2,2,16,14,1.78,1.56,3.0,0.0,2.5,0.5,3.0,1.0,3.0,0.0,2.5,0.5,3.0,1.0,4,Draw
2024-12-30,19,Mon,2,0.16666666666666666,19:45,12,0.8461538461538463,Aston Villa,2,2,15,10,1.67,1.11,2.0,1.0,1.5,0.5,2.0,0.67,0.0,3.0,0.5,2.5,0.33,2.67,Brighton,2,2,14,14,1.56,1.56,1.0,1.0,1.5,1.5,1.33,2.0,1.0,1.0,1.5,1.5,1.33,2.0,4,Draw
2024-12-30,19,Mon,2,0.16666666666666666,19:45,12,0.8461538461538463,Ipswich Town,2,0,6,16,0.67,1.78,0.0,4.0,0.5,3.0,0.33,2.33,0.0,1.0,1.0,1.0,0.67,1.0,Chelsea,0,2,23,10,2.56,1.11,0.0,0.0,2.0,1.5,3.0,1.33,0.0,0.0,2.0,1.5,3.0,1.33,2,Home Win
2024-12-30,19,Mon,2,0.16666666666666666,20:00,13,0.9230769230769231,Manchester Utd,0,2,13,14,1.44,1.56,0.0,3.0,1.0,3.0,2.0,2.0,0.0,2.0,1.0,1.5,0.67,1.67,Newcastle Utd,2,0,15,13,1.67,1.44,4.0,0.0,3.0,2.0,2.33,1.67,4.0,0.0,3.0,2.0,2.33,1.67,2,Away Win
2025-01-01,19,Wed,7,0.9999999999999999,17:30,9,0.6153846153846154,Brentford,1,3,26,16,2.89,1.78,0.0,2.0,2.0,2.0,2.67,1.67,0.0,0.0,0.5,1.0,0.67,1.67,Arsenal,3,1,17,10,1.89,1.11,5.0,1.0,3.0,1.0,3.67,1.33,5.0,1.0,3.0,1.0,3.67,1.33,4,Away Win
2025-01-04,20,Sat,3,0.33333333333333337,12:30,1,0.0,Tottenham,1,2,25,19,2.5,1.9,2.0,2.0,2.5,4.0,2.67,4.0,0.0,1.0,2.5,0.5,1.67,0.67,Newcastle Utd,2,1,17,13,1.7,1.3,2.0,0.0,3.0,0.0,2.67,1.33,2.0,0.0,3.0,0.0,2.67,1.33,3,Away Win
2025-01-04,20,Sat,3,0.33333333333333337,15:00,5,0.3076923076923077,Southampton,0,5,7,22,0.78,2.44,0.0,1.0,0.0,3.0,0.33,3.67,1.0,2.0,0.5,1.0,0.33,1.0,Brentford,5,0,6,16,0.67,1.78,0.0,0.0,0.5,1.0,0.67,1.67,0.0,0.0,0.5,1.0,0.67,1.67,5,Away Win
2025-01-04,20,Sat,3,0.33333333333333337,15:00,5,0.3076923076923077,Bournemouth,1,0,11,7,1.22,0.78,0.0,0.0,0.5,0.5,0.67,0.33,2.0,2.0,2.5,1.0,2.33,1.0,Everton,0,1,6,14,0.67,1.56,1.0,1.0,0.5,0.5,0.33,1.67,1.0,1.0,0.5,0.5,0.33,1.67,1,Home Win
2025-01-04,20,Sat,3,0.33333333333333337,15:00,5,0.3076923076923077,Crystal Palace,1,1,9,16,0.9,1.6,2.0,1.0,1.5,3.0,1.67,2.67,0.0,0.0,1.5,0.5,1.33,0.33,Chelsea,1,1,23,12,2.3,1.2,0.0,2.0,0.0,1.0,1.33,1.67,0.0,2.0,0.0,1.0,1.33,1.67,2,Draw
2025-01-04,20,Sat,3,0.33333333333333337,15:00,5,0.3076923076923077,Manchester City,4,1,17,13,1.89,1.44,1.0,1.0,1.0,1.5,1.67,1.0,2.0,0.0,1.5,1.0,1.67,1.33,West Ham,1,4,10,13,1.11,1.44,1.0,0.0,1.0,0.5,1.0,1.33,1.0,0.0,1.0,0.5,1.0,1.33,5,Home Win
2025-01-04,20,Sat,3,0.33333333333333337,15:00,5,0.3076923076923077,Aston Villa,2,1,17,12,1.7,1.2,2.0,2.0,2.0,1.5,1.67,1.0,0.0,3.0,0.5,2.5,0.33,2.67,Leicester City,1,2,11,25,1.22,2.78,1.0,3.0,0.5,3.5,0.67,3.67,1.0,3.0,0.5,3.5,0.67,3.67,3,Home Win
2025-01-04,20,Sat,3,0.33333333333333337,17:30,9,0.6153846153846154,Brighton,1,1,13,12,1.44,1.33,0.0,0.0,0.5,1.5,0.67,1.33,2.0,2.0,1.5,1.5,1.67,1.67,Arsenal,1,1,20,11,2.0,1.1,3.0,1.0,4.0,1.0,3.0,1.0,3.0,1.0,4.0,1.0,3.0,1.0,2,Draw
2025-01-05,20,Sun,4,0.5,14:00,3,0.15384615384615385,Fulham,2,2,16,15,1.6,1.5,2.0,2.0,1.0,1.0,1.0,1.0,2.0,1.0,2.0,1.5,1.67,1.33,Ipswich Town,2,2,10,17,1.11,1.89,0.0,1.0,1.0,1.0,0.67,1.0,0.0,1.0,1.0,1.0,0.67,1.0,4,Draw
2025-01-05,20,Sun,4,0.5,16:30,7,0.4615384615384616,Liverpool,2,2,18,6,2.0,0.67,3.0,1.0,2.5,1.5,2.33,1.0,5.0,0.0,5.5,1.5,4.67,2.0,Manchester Utd,2,2,8,10,0.89,1.11,0.0,2.0,1.0,1.5,0.67,1.67,0.0,2.0,1.0,1.5,0.67,1.67,4,Draw
2025-01-06,20,Mon,2,0.16666666666666666,20:00,13,0.9230769230769231,Wolves,0,3,14,20,1.56,2.22,2.0,0.0,1.5,1.0,1.67,2.0,2.0,2.0,2.5,1.0,2.0,1.33,Nott'ham Forest,3,0,15,12,1.5,1.2,2.0,0.0,2.0,0.0,2.33,0.67,2.0,0.0,2.0,0.0,2.33,0.67,3,Away Win
2025-01-14,21,Tue,6,0.8333333333333334,19:30,11,0.7692307692307694,Brentford,2,2,27,19,2.7,1.9,1.0,3.0,0.5,2.5,1.67,2.33,5.0,0.0,2.5,0.0,2.0,0.67,Manchester City,2,2,15,13,1.5,1.3,2.0,0.0,1.5,1.0,1.67,1.33,2.0,0.0,1.5,1.0,1.67,1.33,4,Draw
2025-01-14,21,Tue,6,0.8333333333333334,19:30,11,0.7692307692307694,West Ham,3,2,13,22,1.3,2.2,0.0,5.0,0.5,3.0,1.0,2.33,1.0,4.0,1.0,2.0,1.0,1.67,Fulham,2,3,12,10,1.33,1.11,2.0,1.0,2.0,1.5,1.67,1.33,2.0,1.0,2.0,1.5,1.67,1.33,5,Home Win
2025-01-14,21,Tue,6,0.8333333333333334,19:30,11,0.7692307692307694,Chelsea,2,2,15,11,1.67,1.22,1.0,2.0,1.5,1.5,2.0,1.0,1.0,1.0,0.5,1.5,0.33,1.0,Bournemouth,2,2,18,16,1.8,1.6,2.0,2.0,2.5,1.0,2.33,1.0,2.0,2.0,2.5,1.0,2.33,1.0,4,Draw
2025-01-14,21,Tue,6,0.8333333333333334,20:00,13,0.9230769230769231,Nott'ham Forest,1,1,11,7,1.22,0.78,1.0,0.0,1.5,0.5,1.33,0.33,3.0,0.0,2.5,0.0,2.33,0.0,Liverpool,1,1,27,11,3.0,1.22,5.0,0.0,5.5,1.5,4.67,2.0,5.0,0.0,5.5,1.5,4.67,2.0,2,Draw
2025-01-15,21,Wed,7,0.9999999999999999,19:30,11,0.7692307692307694,Everton,0,1,9,10,1.0,1.11,0.0,2.0,0.0,1.0,1.33,0.67,0.0,1.0,0.5,1.0,0.33,0.67,Aston Villa,1,0,11,19,1.22,2.11,0.0,3.0,0.5,2.5,0.33,2.67,0.0,3.0,0.5,2.5,0.33,2.67,1,Away Win
2025-01-15,21,Wed,7,0.9999999999999999,19:30,11,0.7692307692307694,Newcastle Utd,3,0,15,8,1.67,0.89,3.0,0.0,3.5,0.0,3.33,1.0,2.0,1.0,2.0,0.5,2.67,0.33,Wolves,0,3,17,22,1.7,2.2,2.0,2.0,2.5,1.0,2.0,1.33,2.0,2.0,2.5,1.0,2.0,1.33,3,Home Win
2025-01-15,21,Wed,7,0.9999999999999999,19:30,11,0.7692307692307694,Leicester City,0,2,11,17,1.1,1.7,0.0,2.0,0.0,2.5,0.67,2.33,1.0,2.0,1.0,2.5,0.67,3.0,Crystal Palace,2,0,11,11,1.22,1.22,0.0,0.0,1.5,0.5,1.33,0.33,0.0,0.0,1.5,0.5,1.33,0.33,2,Away Win
2025-01-15,21,Wed,7,0.9999999999999999,20:00,13,0.9230769230769231,Arsenal,2,1,18,6,2.0,0.67,1.0,0.0,0.5,0.0,1.0,0.0,1.0,1.0,2.0,1.0,3.0,1.0,Tottenham,1,2,16,9,1.78,1.0,0.0,1.0,2.5,0.5,1.67,0.67,0.0,1.0,2.5,0.5,1.67,0.67,3,Home Win
2025-01-16,21,Thu,5,0.6666666666666666,19:30,11,0.7692307692307694,Ipswich Town,0,2,8,16,0.8,1.6,2.0,0.0,1.0,2.0,1.0,2.0,2.0,2.0,1.0,1.5,1.33,1.33,Brighton,2,0,16,16,1.6,1.6,2.0,2.0,1.5,1.5,1.67,1.67,2.0,2.0,1.5,1.5,1.67,1.67,2,Away Win
2025-01-16,21,Thu,5,0.6666666666666666,20:00,13,0.9230769230769231,Manchester Utd,3,1,13,16,1.3,1.6,0.0,2.0,0.0,2.5,0.67,2.67,2.0,2.0,1.0,2.0,1.33,1.67,Southampton,1,3,5,17,0.5,1.7,1.0,2.0,0.5,1.0,0.33,1.0,1.0,2.0,0.5,1.0,0.33,1.0,4,Home Win
2025-01-18,22,Sat,3,0.33333333333333337,15:00,5,0.3076923076923077,Leicester City,0,2,11,19,1.0,1.73,0.0,2.0,0.0,2.0,0.0,2.33,1.0,2.0,1.0,2.5,0.67,3.0,Fulham,2,0,14,13,1.4,1.3,2.0,3.0,2.0,2.0,2.0,2.0,2.0,3.0,2.0,2.0,2.0,2.0,2,Away Win
2025-01-18,22,Sat,3,0.33333333333333337,15:00,5,0.3076923076923077,Brentford,0,2,29,21,2.64,1.91,2.0,2.0,1.5,2.5,1.0,2.33,5.0,0.0,2.5,0.0,2.0,0.67,Liverpool,2,0,28,12,2.8,1.2,1.0,1.0,3.0,0.5,4.0,1.33,1.0,1.0,3.0,0.5,4.0,1.33,2,Away Win
2025-01-18,22,Sat,3,0.33333333333333337,17:30,9,0.6153846153846154,Arsenal,2,2,20,7,2.0,0.7,2.0,1.0,1.5,0.5,1.0,0.33,1.0,1.0,2.0,1.0,3.0,1.0,Aston Villa,2,2,12,19,1.2,1.9,1.0,0.0,0.5,1.5,0.67,1.67,1.0,0.0,0.5,1.5,0.67,1.67,4,Draw
2025-01-18,22,Sat,3,0.33333333333333337,12:30,1,0.0,Newcastle Utd,1,4,18,8,1.8,0.8,3.0,0.0,3.0,0.0,3.33,0.0,2.0,1.0,2.0,0.5,2.67,0.33,Bournemouth,4,1,20,18,1.82,1.64,2.0,2.0,2.0,2.0,2.33,1.33,2.0,2.0,2.0,2.0,2.33,1.33,5,Away Win
2025-01-18,22,Sat,3,0.33333333333333337,15:00,5,0.3076923076923077,West Ham,0,2,16,24,1.45,2.18,3.0,2.0,1.5,3.5,1.33,2.67,1.0,4.0,1.0,2.0,1.0,1.67,Crystal Palace,2,0,13,11,1.3,1.1,2.0,0.0,1.0,0.0,1.67,0.33,2.0,0.0,1.0,0.0,1.67,0.33,2,Away Win
2025-01-19,22,Sun,4,0.5,16:30,7,0.4615384615384616,Ipswich Town,0,6,8,18,0.73,1.64,0.0,2.0,1.0,1.0,0.67,2.0,2.0,2.0,1.0,1.5,1.33,1.33,Manchester City,6,0,17,15,1.55,1.36,2.0,2.0,2.0,1.0,1.67,1.33,2.0,2.0,2.0,1.0,1.67,1.33,6,Away Win
2025-01-19,22,Sun,4,0.5,14:00,3,0.15384615384615385,Everton,3,2,9,11,0.9,1.1,0.0,1.0,0.0,1.5,0.0,1.0,0.0,1.0,0.5,1.0,0.33,0.67,Tottenham,2,3,17,11,1.7,1.1,1.0,2.0,0.5,1.5,2.0,1.0,1.0,2.0,0.5,1.5,2.0,1.0,5,Home Win
2025-01-19,22,Sun,4,0.5,14:00,3,0.15384615384615385,Manchester Utd,1,3,16,17,1.45,1.55,3.0,1.0,1.5,1.5,1.0,2.0,2.0,2.0,1.0,2.0,1.33,1.67,Brighton,3,1,18,16,1.64,1.45,2.0,0.0,2.0,1.0,1.67,1.0,2.0,0.0,2.0,1.0,1.67,1.0,4,Away Win
2025-01-19,22,Sun,4,0.5,14:00,3,0.15384615384615385,Nott'ham Forest,3,2,12,8,1.2,0.8,1.0,1.0,1.0,0.5,1.33,0.67,3.0,0.0,2.5,0.0,2.33,0.0,Southampton,2,3,6,20,0.55,1.82,1.0,3.0,1.0,2.5,0.67,1.67,1.0,3.0,1.0,2.5,0.67,1.67,5,Home Win
2025-01-20,22,Mon,2,0.16666666666666666,20:00,13,0.9230769230769231,Chelsea,3,1,17,13,1.7,1.3,2.0,2.0,1.5,2.0,1.67,1.67,1.0,1.0,0.5,1.5,0.33,1.0,Wolves,1,3,17,25,1.55,2.27,0.0,3.0,1.0,2.5,1.67,1.67,0.0,3.0,1.0,2.5,1.67,1.67,4,Home Win
2025-01-25,23,Sat,3,0.33333333333333337,15:00,5,0.3076923076923077,Wolves,0,1,14,23,1.4,2.3,0.0,3.0,1.0,1.5,1.0,1.67,1.0,3.0,0.5,3.0,1.0,2.67,Arsenal,1,0,21,12,1.91,1.09,1.0,1.0,2.0,1.0,3.0,1.0,1.0,1.0,2.0,1.0,3.0,1.0,1,Away Win
2025-01-25,23,Sat,3,0.33333333333333337,15:00,5,0.3076923076923077,Southampton,1,3,7,27,0.7,2.7,0.0,5.0,0.0,3.0,0.0,3.67,2.0,3.0,1.5,3.0,1.33,2.67,Newcastle Utd,3,1,19,14,1.73,1.27,2.0,1.0,2.0,0.5,2.67,0.33,2.0,1.0,2.0,0.5,2.67,0.33,4,Away Win
2025-01-25,23,Sat,3,0.33333333333333337,15:00,5,0.3076923076923077,Brighton,0,1,14,13,1.4,1.3,1.0,1.0,0.5,0.5,0.67,1.33,3.0,1.0,2.5,0.5,2.33,1.0,Everton,1,0,6,15,0.6,1.5,0.0,1.0,0.5,1.0,0.33,0.67,0.0,1.0,0.5,1.0,0.33,0.67,1,Away Win
2025-01-25,23,Sat,3,0.33333333333333337,15:00,5,0.3076923076923077,Liverpool,4,1,20,8,2.0,0.8,2.0,2.0,2.5,1.5,2.33,1.67,2.0,0.0,1.5,0.5,2.67,0.33,Ipswich Town,1,4,12,19,1.2,1.9,2.0,2.0,1.0,1.5,1.33,1.33,2.0,2.0,1.0,1.5,1.33,1.33,5,Home Win
2025-01-25,23,Sat,3,0.33333333333333337,15:00,5,0.3076923076923077,Bournemouth,5,0,12,7,1.2,0.7,1.0,0.0,0.5,0.0,0.67,0.33,4.0,1.0,3.0,1.5,2.67,1.67,Nott'ham Forest,0,5,18,12,1.64,1.09,3.0,0.0,2.5,0.0,2.33,0.0,3.0,0.0,2.5,0.0,2.33,0.0,5,Home Win
2025-01-25,23,Sat,3,0.33333333333333337,17:30,9,0.6153846153846154,Manchester City,3,1,21,14,2.1,1.4,4.0,1.0,2.5,1.0,2.0,1.33,6.0,0.0,4.0,1.0,3.33,0.67,Chelsea,1,3,24,13,2.18,1.18,1.0,1.0,0.5,1.5,0.33,1.0,1.0,1.0,0.5,1.5,0.33,1.0,4,Home Win
2025-01-26,23,Sun,4,0.5,14:00,3,0.15384615384615385,Crystal Palace,1,2,10,17,0.91,1.55,1.0,1.0,1.5,1.0,1.33,2.33,2.0,0.0,2.0,0.0,1.33,0.0,Brentford,2,1,11,16,1.1,1.6,5.0,0.0,2.5,0.0,2.0,0.67,5.0,0.0,2.5,0.0,2.0,0.67,3,Away Win
2025-01-26,23,Sun,4,0.5,14:00,3,0.15384615384615385,Tottenham,1,2,26,21,2.36,1.91,1.0,2.0,1.5,2.0,2.0,3.33,2.0,3.0,1.5,2.5,1.0,2.0,Leicester City,2,1,12,27,1.2,2.7,1.0,2.0,1.0,2.5,0.67,3.0,1.0,2.0,1.0,2.5,0.67,3.0,3,Away Win
2025-01-26,23,Sun,4,0.5,16:30,7,0.4615384615384616,Aston Villa,1,1,19,13,1.73,1.18,2.0,1.0,2.0,1.5,2.0,1.33,2.0,2.0,1.5,1.0,1.0,1.67,West Ham,1,1,11,17,1.1,1.7,1.0,4.0,1.0,2.0,1.0,1.67,1.0,4.0,1.0,2.0,1.0,1.67,2,Draw
2025-01-26,23,Sun,4,0.5,19:00,10,0.6923076923076923,Fulham,0,1,18,17,1.64,1.55,2.0,2.0,2.0,2.0,1.33,1.33,2.0,0.0,2.0,1.5,2.0,1.33,Manchester Utd,1,0,10,12,1.0,1.2,2.0,2.0,1.0,2.0,1.33,1.67,2.0,2.0,1.0,2.0,1.33,1.67,1,Away Win
2025-02-01,24,Sat,3,0.33333333333333337,15:00,5,0.3076923076923077,Newcastle Utd,1,2,19,12,1.73,1.09,1.0,4.0,2.0,2.0,2.33,1.33,3.0,1.0,2.5,1.0,2.33,0.67,Fulham,2,1,16,13,1.45,1.18,2.0,0.0,2.0,1.5,2.0,1.33,2.0,0.0,2.0,1.5,2.0,1.33,3,Away Win
2025-02-01,24,Sat,3,0.33333333333333337,17:30,9,0.6153846153846154,Wolves,2,0,14,24,1.27,2.18,0.0,1.0,0.0,2.0,0.67,1.33,1.0,3.0,0.5,3.0,1.0,2.67,Aston Villa,0,2,14,21,1.27,1.91,2.0,2.0,1.5,1.0,1.0,1.67,2.0,2.0,1.5,1.0,1.0,1.67,2,Home Win
2025-02-01,24,Sat,3,0.33333333333333337,15:00,5,0.3076923076923077,Bournemouth,0,2,17,7,1.55,0.64,5.0,0.0,3.0,0.0,2.0,0.0,4.0,1.0,3.0,1.5,2.67,1.67,Liverpool,2,0,30,12,2.73,1.09,2.0,0.0,1.5,0.5,2.67,0.33,2.0,0.0,1.5,0.5,2.67,0.33,2,Away Win
2025-02-01,24,Sat,3,0.33333333333333337,15:00,5,0.3076923076923077,Everton,4,0,12,13,1.09,1.18,3.0,2.0,1.5,1.5,1.0,1.67,1.0,0.0,0.5,0.5,0.67,0.67,Leicester City,0,4,14,28,1.27,2.55,2.0,1.0,1.5,1.5,1.33,2.0,2.0,1.0,1.5,1.5,1.33,2.0,4,Home Win
2025-02-01,24,Sat,3,0.33333333333333337,15:00,5,0.3076923076923077,Ipswich Town,1,2,8,24,0.67,2.0,0.0,6.0,0.0,4.0,0.67,2.67,1.0,4.0,1.5,3.0,1.0,2.33,Southampton,2,1,8,23,0.67,1.92,2.0,3.0,1.5,3.0,1.33,2.67,2.0,3.0,1.5,3.0,1.33,2.67,3,Away Win
2025-02-01,24,Sat,3,0.33333333333333337,12:30,1,0.0,Nott'ham Forest,7,0,15,10,1.36,0.91,3.0,2.0,2.0,1.5,1.67,1.0,0.0,5.0,1.5,2.5,1.67,1.67,Brighton,0,7,21,17,1.75,1.42,3.0,1.0,2.5,0.5,2.33,1.0,3.0,1.0,2.5,0.5,2.33,1.0,7,Home Win
2025-02-02,24,Sun,4,0.5,14:00,3,0.15384615384615385,Brentford,0,2,29,23,2.42,1.92,0.0,2.0,1.0,2.0,1.0,2.33,2.0,1.0,3.5,0.5,2.33,0.33,Tottenham,2,0,19,14,1.73,1.27,2.0,3.0,1.5,2.5,1.0,2.0,2.0,3.0,1.5,2.5,1.0,2.0,2,Away Win
2025-02-02,24,Sun,4,0.5,14:00,3,0.15384615384615385,Manchester Utd,0,2,17,20,1.42,1.67,1.0,3.0,2.0,2.0,1.33,2.0,1.0,0.0,1.5,1.0,1.0,1.33,Crystal Palace,2,0,15,11,1.36,1.0,2.0,0.0,2.0,0.0,1.33,0.0,2.0,0.0,2.0,0.0,1.33,0.0,2,Away Win
2025-02-02,24,Sun,4,0.5,16:30,7,0.4615384615384616,Arsenal,5,1,22,9,2.0,0.82,2.0,2.0,2.0,1.5,1.67,1.0,1.0,0.0,1.0,0.5,1.67,0.67,Manchester City,1,5,23,15,1.92,1.25,6.0,0.0,4.0,1.0,3.33,0.67,6.0,0.0,4.0,1.0,3.33,0.67,6,Home Win
2025-02-03,24,Mon,2,0.16666666666666666,20:00,13,0.9230769230769231,Chelsea,2,1,20,14,1.82,1.27,3.0,1.0,2.5,1.5,2.0,1.67,1.0,3.0,1.0,2.0,0.67,2.0,West Ham,1,2,12,18,1.09,1.64,1.0,1.0,1.0,2.5,1.0,1.67,1.0,1.0,1.0,2.5,1.0,1.67,3,Home Win
2025-02-12,15,Wed,7,0.9999999999999999,19:30,11,0.7692307692307694,Everton,2,2,16,13,1.33,1.08,4.0,0.0,3.5,1.0,2.33,1.0,1.0,0.0,0.5,0.5,0.67,0.67,Liverpool,2,2,32,12,2.67,1.0,2.0,0.0,2.0,0.0,1.67,0.33,2.0,0.0,2.0,0.0,1.67,0.33,4,Draw
2025-02-14,25,Fri,1,0.0,20:00,13,0.9230769230769231,Brighton,3,0,14,14,1.27,1.27,0.0,1.0,0.5,1.0,0.33,0.67,0.0,7.0,1.5,4.0,1.67,2.67,Chelsea,0,3,25,16,2.08,1.33,1.0,3.0,1.0,2.0,0.67,2.0,1.0,3.0,1.0,2.0,0.67,2.0,3,Home Win
2025-02-15,25,Sat,3,0.33333333333333337,12:30,1,0.0,Leicester City,0,2,11,21,0.92,1.75,0.0,2.0,0.0,2.0,0.0,2.0,0.0,4.0,1.0,2.5,1.0,2.33,Arsenal,2,0,22,12,1.83,1.0,1.0,0.0,1.0,0.5,1.67,0.67,1.0,0.0,1.0,0.5,1.67,0.67,2,Away Win
2025-02-15,25,Sat,3,0.33333333333333337,15:00,5,0.3076923076923077,Aston Villa,1,1,20,14,1.67,1.17,1.0,1.0,1.5,1.0,1.67,1.33,0.0,2.0,1.0,2.0,1.0,1.33,Ipswich Town,1,1,13,23,1.18,2.09,1.0,4.0,1.5,3.0,1.0,2.33,1.0,4.0,1.5,3.0,1.0,2.33,2,Draw
2025-02-15,25,Sat,3,0.33333333333333337,15:00,5,0.3076923076923077,Fulham,2,1,18,18,1.5,1.5,0.0,1.0,1.0,1.5,1.33,1.67,2.0,1.0,2.0,0.5,2.0,1.33,Nott'ham Forest,1,2,18,17,1.5,1.42,0.0,5.0,1.5,2.5,1.67,1.67,0.0,5.0,1.5,2.5,1.67,1.67,3,Home Win
2025-02-15,25,Sat,3,0.33333333333333337,15:00,5,0.3076923076923077,West Ham,0,1,16,26,1.33,2.17,0.0,2.0,1.5,2.0,1.0,3.0,1.0,2.0,1.0,1.5,1.0,2.33,Brentford,1,0,13,17,1.18,1.55,2.0,1.0,3.5,0.5,2.33,0.33,2.0,1.0,3.5,0.5,2.33,0.33,1,Away Win
2025-02-15,25,Sat,3,0.33333333333333337,15:00,5,0.3076923076923077,Manchester City,4,0,24,15,2.18,1.36,3.0,1.0,3.5,1.0,2.67,1.0,1.0,5.0,3.5,2.5,3.0,2.33,Newcastle Utd,0,4,22,15,1.83,1.25,3.0,1.0,2.5,1.0,2.33,0.67,3.0,1.0,2.5,1.0,2.33,0.67,4,Home Win
2025-02-15,25,Sat,3,0.33333333333333337,15:00,5,0.3076923076923077,Southampton,1,3,8,30,0.73,2.73,1.0,3.0,0.5,4.0,0.33,3.0,2.0,1.0,2.0,2.0,1.67,2.33,Bournemouth,3,1,24,19,2.0,1.58,4.0,1.0,3.0,1.5,2.67,1.67,4.0,1.0,3.0,1.5,2.67,1.67,4,Away Win
2025-02-15,25,Sat,3,0.33333333333333337,17:30,9,0.6153846153846154,Crystal Palace,1,2,11,19,0.92,1.58,1.0,2.0,1.0,1.5,1.33,1.33,2.0,0.0,2.0,0.0,2.0,0.0,Everton,2,1,7,15,0.64,1.36,1.0,0.0,0.5,0.5,0.67,0.67,1.0,0.0,0.5,0.5,0.67,0.67,3,Away Win
2025-02-16,25,Sun,4,0.5,14:00,3,0.15384615384615385,Liverpool,2,1,24,9,2.18,0.82,4.0,1.0,3.0,1.5,3.0,1.33,2.0,2.0,2.0,1.0,2.0,0.67,Wolves,1,2,18,28,1.5,2.33,1.0,3.0,0.5,3.0,1.0,2.67,1.0,3.0,0.5,3.0,1.0,2.67,3,Home Win
2025-02-16,25,Sun,4,0.5,16:30,7,0.4615384615384616,Tottenham,1,0,27,23,2.25,1.92,1.0,2.0,1.0,2.0,1.33,2.0,2.0,0.0,2.0,1.5,1.67,1.67,Manchester Utd,0,1,11,12,1.0,1.09,1.0,0.0,1.5,1.0,1.0,1.33,1.0,0.0,1.5,1.0,1.0,1.33,1,Home Win
2025-02-19,29,Wed,7,0.9999999999999999,19:30,11,0.7692307692307694,Aston Villa,2,2,21,15,1.62,1.15,1.0,1.0,1.0,1.0,1.33,1.0,0.0,2.0,1.0,2.0,1.0,1.33,Liverpool,2,2,34,14,2.62,1.08,2.0,2.0,2.0,1.0,2.0,0.67,2.0,2.0,2.0,1.0,2.0,0.67,4,Draw
2025-02-21,26,Fri,1,0.0,20:00,13,0.9230769230769231,Leicester City,0,4,11,23,0.85,1.77,0.0,2.0,0.0,2.0,0.0,2.0,0.0,4.0,1.0,2.5,1.0,2.33,Brentford,4,0,14,17,1.17,1.42,1.0,0.0,1.5,0.5,2.67,0.33,1.0,0.0,1.5,0.5,2.67,0.33,4,Away Win
2025-02-22,26,Sat,3,0.33333333333333337,12:30,1,0.0,Everton,2,2,18,15,1.38,1.15,2.0,2.0,3.0,1.0,3.0,1.33,2.0,1.0,1.5,0.5,1.0,0.67,Manchester Utd,2,2,11,13,0.92,1.08,0.0,1.0,0.5,0.5,1.0,1.0,0.0,1.0,0.5,0.5,1.0,1.0,4,Draw
2025-02-22,26,Sat,3,0.33333333333333337,15:00,5,0.3076923076923077,Fulham,0,2,20,19,1.54,1.46,2.0,1.0,1.0,1.0,1.33,1.33,2.0,1.0,2.0,0.5,2.0,1.33,Crystal Palace,2,0,17,11,1.42,0.92,2.0,0.0,2.0,0.0,2.0,0.0,2.0,0.0,2.0,0.0,2.0,0.0,2,Away Win
2025-02-22,26,Sat,3,0.33333333333333337,15:00,5,0.3076923076923077,Ipswich Town,1,4,9,26,0.69,2.0,1.0,2.0,0.5,4.0,0.33,3.33,1.0,1.0,1.0,2.5,1.33,2.33,Tottenham,4,1,21,14,1.75,1.17,2.0,0.0,2.0,1.5,1.67,1.67,2.0,0.0,2.0,1.5,1.67,1.67,5,Away Win
2025-02-22,26,Sat,3,0.33333333333333337,15:00,5,0.3076923076923077,Bournemouth,0,1,17,9,1.42,0.75,0.0,2.0,2.5,1.0,2.0,0.67,3.0,1.0,3.5,1.0,3.0,1.33,Wolves,1,0,19,30,1.46,2.31,1.0,2.0,1.0,2.5,0.67,2.67,1.0,2.0,1.0,2.5,0.67,2.67,1,Away Win
2025-02-22,26,Sat,3,0.33333333333333337,15:00,5,0.3076923076923077,Arsenal,0,1,27,10,2.25,0.83,5.0,1.0,3.5,1.5,3.0,1.33,2.0,0.0,1.5,0.0,1.33,0.33,West Ham,1,0,13,20,1.08,1.67,1.0,2.0,1.0,1.5,1.0,2.33,1.0,2.0,1.0,1.5,1.0,2.33,1,Away Win
2025-02-22,26,Sat,3,0.33333333333333337,15:00,5,0.3076923076923077,Southampton,0,4,9,33,0.75,2.75,1.0,3.0,1.0,3.0,0.67,3.67,2.0,1.0,2.0,2.0,1.67,2.33,Brighton,4,0,21,24,1.62,1.85,0.0,7.0,1.5,4.0,1.67,2.67,0.0,7.0,1.5,4.0,1.67,2.67,4,Away Win
2025-02-22,26,Sat,3,0.33333333333333337,17:30,9,0.6153846153846154,Aston Villa,2,1,23,17,1.64,1.21,2.0,2.0,1.5,1.5,1.33,1.33,0.0,2.0,1.0,2.0,1.0,1.33,Chelsea,1,2,25,19,1.92,1.46,0.0,3.0,0.5,3.0,0.67,2.33,0.0,3.0,0.5,3.0,0.67,2.33,3,Home Win
2025-02-23,26,Sun,4,0.5,14:00,3,0.15384615384615385,Newcastle Utd,4,3,20,14,1.67,1.17,1.0,2.0,1.0,3.0,1.67,2.0,0.0,4.0,1.5,2.5,1.67,2.0,Nott'ham Forest,3,4,19,19,1.46,1.46,1.0,2.0,0.5,3.5,1.33,2.33,1.0,2.0,0.5,3.5,1.33,2.33,7,Home Win
2025-02-23,26,Sun,4,0.5,16:30,7,0.4615384615384616,Manchester City,0,2,28,15,2.33,1.25,4.0,0.0,3.5,0.5,3.67,0.67,1.0,5.0,3.5,2.5,3.0,2.33,Liverpool,2,0,36,16,2.57,1.14,2.0,2.0,2.0,2.0,2.0,1.33,2.0,2.0,2.0,2.0,2.0,1.33,2,Away Win
2025-02-25,27,Tue,6,0.8333333333333334,19:30,11,0.7692307692307694,Crystal Palace,4,1,12,21,0.92,1.62,1.0,2.0,1.0,2.0,1.0,1.67,2.0,0.0,2.0,0.0,2.0,0.0,Aston Villa,1,4,14,23,1.17,1.92,0.0,2.0,1.0,2.0,1.0,1.33,0.0,2.0,1.0,2.0,1.0,1.33,5,Home Win
2025-02-25,27,Tue,6,0.8333333333333334,19:30,11,0.7692307692307694,Wolves,1,2,16,24,1.33,2.0,2.0,0.0,1.0,0.5,0.67,1.33,1.0,0.0,1.0,1.0,1.0,1.67,Fulham,2,1,18,14,1.5,1.17,2.0,1.0,2.0,0.5,2.0,1.33,2.0,1.0,2.0,0.5,2.0,1.33,3,Away Win
2025-02-25,27,Tue,6,0.8333333333333334,19:30,11,0.7692307692307694,Brighton,2,1,17,14,1.42,1.17,3.0,0.0,1.5,0.5,1.33,0.67,4.0,0.0,2.0,3.5,2.33,2.67,Bournemouth,1,2,27,20,2.08,1.54,3.0,1.0,3.5,1.0,3.0,1.33,3.0,1.0,3.5,1.0,3.0,1.33,3,Home Win
2025-02-25,27,Tue,6,0.8333333333333334,20:15,14,1.0000000000000002,Chelsea,4,0,22,15,1.83,1.25,2.0,1.0,2.5,1.0,2.33,1.33,1.0,2.0,0.5,2.5,0.67,2.67,Southampton,0,4,10,24,0.77,1.85,2.0,1.0,2.0,2.0,1.67,2.33,2.0,1.0,2.0,2.0,1.67,2.33,4,Home Win
2025-02-26,27,Wed,7,0.9999999999999999,20:15,14,1.0000000000000002,Liverpool,2,0,26,10,2.17,0.83,2.0,1.0,3.0,1.0,2.67,1.33,2.0,0.0,2.0,1.0,2.0,1.33,Newcastle Utd,0,2,22,19,1.69,1.46,0.0,4.0,1.5,2.5,1.67,2.0,0.0,4.0,1.5,2.5,1.67,2.0,2,Home Win
2025-02-26,27,Wed,7,0.9999999999999999,19:30,11,0.7692307692307694,Nott'ham Forest,0,0,22,10,1.83,0.83,7.0,0.0,5.0,1.0,3.67,1.0,3.0,4.0,2.0,3.0,1.33,3.67,Arsenal,0,0,24,12,1.85,0.92,2.0,0.0,1.5,0.0,1.33,0.33,2.0,0.0,1.5,0.0,1.33,0.33,0,Draw
2025-02-26,27,Wed,7,0.9999999999999999,19:30,11,0.7692307692307694,Tottenham,0,1,28,23,2.15,1.77,1.0,0.0,1.0,1.0,1.0,1.33,4.0,1.0,3.0,0.5,2.67,1.33,Manchester City,1,0,24,20,1.85,1.54,1.0,5.0,3.5,2.5,3.0,2.33,1.0,5.0,3.5,2.5,3.0,2.33,1,Away Win
2025-02-26,27,Wed,7,0.9999999999999999,19:30,11,0.7692307692307694,Brentford,1,1,29,25,2.23,1.92,0.0,2.0,0.0,2.0,0.67,2.0,4.0,0.0,2.5,0.0,2.33,0.33,Everton,1,1,9,16,0.75,1.33,2.0,1.0,1.5,0.5,1.0,0.67,2.0,1.0,1.5,0.5,1.0,0.67,2,Draw
2025-02-26,27,Wed,7,0.9999999999999999,19:30,11,0.7692307692307694,Manchester Utd,3,2,17,22,1.31,1.69,0.0,2.0,0.5,2.5,1.33,2.0,2.0,2.0,1.0,1.5,1.0,1.0,Ipswich Town,2,3,14,24,1.17,2.0,1.0,1.0,1.0,2.5,1.33,2.33,1.0,1.0,1.0,2.5,1.33,2.33,5,Home Win
2025-02-27,27,Thu,5,0.6666666666666666,20:00,13,0.9230769230769231,West Ham,2,0,16,27,1.23,2.08,0.0,1.0,0.0,1.5,1.0,1.67,1.0,0.0,1.0,1.0,1.0,1.0,Leicester City,0,2,14,32,1.17,2.67,0.0,4.0,1.0,2.5,1.0,2.33,0.0,4.0,1.0,2.5,1.0,2.33,2,Home Win
2025-03-08,28,Sat,3,0.33333333333333337,12:30,1,0.0,Nott'ham Forest,1,0,22,10,1.69,0.77,0.0,0.0,3.5,0.0,3.33,0.67,3.0,4.0,2.0,3.0,1.33,3.67,Manchester City,0,1,25,20,1.79,1.43,1.0,0.0,1.0,2.5,2.67,1.67,1.0,0.0,1.0,2.5,2.67,1.67,1,Home Win
2025-03-08,28,Sat,3,0.33333333333333337,15:00,5,0.3076923076923077,Liverpool,3,1,28,10,2.15,0.77,2.0,0.0,2.0,0.5,2.67,0.67,2.0,0.0,2.0,1.0,2.0,1.33,Southampton,1,3,10,28,0.71,2.0,0.0,4.0,1.0,2.5,1.33,2.67,0.0,4.0,1.0,2.5,1.33,2.67,4,Home Win
2025-03-08,28,Sat,3,0.33333333333333337,15:00,5,0.3076923076923077,Crystal Palace,1,0,16,22,1.14,1.57,4.0,1.0,2.5,1.5,2.0,1.67,2.0,0.0,2.0,0.0,2.0,0.0,Ipswich Town,0,1,16,27,1.23,2.08,2.0,3.0,1.5,2.0,1.33,2.67,2.0,3.0,1.5,2.0,1.33,2.67,1,Home Win
2025-03-08,28,Sat,3,0.33333333333333337,15:00,5,0.3076923076923077,Brighton,2,1,19,15,1.46,1.15,2.0,1.0,2.5,0.5,1.67,0.67,4.0,0.0,2.0,3.5,2.33,2.67,Fulham,1,2,20,15,1.54,1.15,2.0,1.0,2.0,1.0,2.0,0.67,2.0,1.0,2.0,1.0,2.0,0.67,3,Home Win
2025-03-08,28,Sat,3,0.33333333333333337,17:30,9,0.6153846153846154,Brentford,0,1,30,26,2.14,1.86,1.0,1.0,0.5,1.5,0.33,1.67,4.0,0.0,2.5,0.0,2.33,0.33,Aston Villa,1,0,15,27,1.15,2.08,1.0,4.0,0.5,3.0,1.0,2.67,1.0,4.0,0.5,3.0,1.0,2.67,1,Away Win
2025-03-08,28,Sat,3,0.33333333333333337,20:00,13,0.9230769230769231,Wolves,1,1,17,26,1.31,2.0,1.0,2.0,1.5,1.0,1.0,1.0,1.0,0.0,1.0,1.0,1.0,1.67,Everton,1,1,10,17,0.77,1.31,1.0,1.0,1.5,1.0,1.33,0.67,1.0,1.0,1.5,1.0,1.33,0.67,2,Draw
2025-03-09,28,Sun,4,0.5,14:00,3,0.15384615384615385,Chelsea,1,0,26,15,2.0,1.15,4.0,0.0,3.0,0.5,3.0,0.67,1.0,2.0,0.5,2.5,0.67,2.67,Leicester City,0,1,14,34,1.08,2.62,0.0,2.0,0.0,3.0,0.67,2.33,0.0,2.0,0.0,3.0,0.67,2.33,1,Home Win
2025-03-09,28,Sun,4,0.5,14:00,3,0.15384615384615385,Tottenham,2,2,28,24,2.0,1.71,0.0,1.0,0.5,0.5,0.67,1.0,4.0,1.0,3.0,0.5,2.67,1.33,Bournemouth,2,2,28,22,2.0,1.57,1.0,2.0,2.0,1.5,2.67,1.33,1.0,2.0,2.0,1.5,2.67,1.33,4,Draw
2025-03-09,28,Sun,4,0.5,16:30,7,0.4615384615384616,Manchester Utd,1,1,20,24,1.43,1.71,3.0,2.0,1.5,2.0,1.33,2.33,2.0,2.0,1.0,1.5,1.0,1.0,Arsenal,1,1,24,12,1.71,0.86,0.0,0.0,1.0,0.0,1.0,0.0,0.0,0.0,1.0,0.0,1.0,0.0,2,Draw
2025-03-10,28,Mon,2,0.16666666666666666,20:00,13,0.9230769230769231,West Ham,0,1,18,27,1.29,1.93,2.0,0.0,1.0,0.5,0.67,1.0,1.0,0.0,1.0,1.0,1.0,1.0,Newcastle Utd,1,0,22,21,1.57,1.5,0.0,2.0,0.0,3.0,1.0,2.33,0.0,2.0,0.0,3.0,1.0,2.33,1,Away Win
2025-03-15,29,Sat,3,0.33333333333333337,15:00,5,0.3076923076923077,Everton,1,1,20,17,1.43,1.21,2.0,2.0,2.0,2.0,2.67,1.33,1.0,1.0,1.0,1.0,1.33,1.0,West Ham,1,1,14,20,1.08,1.54,1.0,0.0,1.0,1.0,1.0,1.0,1.0,0.0,1.0,1.0,1.0,1.0,2,Draw
2025-03-15,29,Sat,3,0.33333333333333337,15:00,5,0.3076923076923077,Southampton,1,2,9,37,0.69,2.85,0.0,4.0,0.5,3.5,0.67,3.33,1.0,3.0,0.5,3.5,1.0,2.67,Wolves,2,1,20,30,1.43,2.14,1.0,0.0,1.0,1.0,1.0,1.67,1.0,0.0,1.0,1.0,1.0,1.67,3,Away Win
2025-03-15,29,Sat,3,0.33333333333333337,15:00,5,0.3076923076923077,Manchester City,2,2,28,17,2.15,1.31,0.0,2.0,2.0,1.0,2.33,1.0,0.0,1.0,0.5,0.5,0.67,2.0,Brighton,2,2,25,24,1.79,1.71,4.0,0.0,2.0,3.5,2.33,2.67,4.0,0.0,2.0,3.5,2.33,2.67,4,Draw
2025-03-15,29,Sat,3,0.33333333333333337,15:00,5,0.3076923076923077,Ipswich Town,2,4,10,30,0.71,2.14,1.0,4.0,1.0,3.0,0.67,4.0,0.0,1.0,1.0,2.0,1.0,1.67,Nott'ham Forest,4,2,22,23,1.57,1.64,3.0,4.0,2.0,3.0,1.33,3.67,3.0,4.0,2.0,3.0,1.33,3.67,6,Away Win
2025-03-15,29,Sat,3,0.33333333333333337,17:30,9,0.6153846153846154,Bournemouth,1,2,17,10,1.31,0.77,0.0,1.0,0.0,1.5,1.67,1.0,2.0,2.0,1.5,2.0,2.0,1.67,Brentford,2,1,18,17,1.38,1.31,4.0,0.0,2.5,0.0,2.33,0.33,4.0,0.0,2.5,0.0,2.33,0.33,3,Away Win
2025-03-16,29,Sun,4,0.5,13:30,2,0.07692307692307693,Fulham,2,0,20,21,1.43,1.5,0.0,2.0,1.0,1.5,0.67,1.33,1.0,2.0,1.5,1.5,1.67,1.33,Tottenham,0,2,25,15,1.92,1.15,4.0,1.0,3.0,0.5,2.67,1.33,4.0,1.0,3.0,0.5,2.67,1.33,2,Home Win
2025-03-16,29,Sun,4,0.5,13:30,2,0.07692307692307693,Arsenal,1,0,27,11,2.08,0.85,0.0,1.0,2.5,1.0,2.33,1.33,1.0,1.0,0.5,0.5,1.0,0.33,Chelsea,0,1,26,21,1.86,1.5,1.0,2.0,0.5,2.5,0.67,2.67,1.0,2.0,0.5,2.5,0.67,2.67,1,Home Win
2025-03-16,29,Sun,4,0.5,19:00,10,0.6923076923076923,Leicester City,0,3,11,27,0.79,1.93,0.0,4.0,0.0,3.0,0.0,2.67,0.0,1.0,0.0,1.5,0.0,2.33,Manchester Utd,3,0,13,15,1.0,1.15,2.0,2.0,1.0,1.5,1.0,1.0,2.0,2.0,1.0,1.5,1.0,1.0,3,Away Win
